contract_ref,contract_name,exhibit,setting,covered_entity,code_type,procedure_code,description,methodology_code,rate_basis,base_year,percentage,rvu,conversion_factor,units_note,allowed_2025,allowed_2026
HM-KHS-2025-0417,Highmark - Keystone Health System (Commercial PPO),C.1 Professional,Professional,Keystone Cardiology (org),CPT,99202,"Office/outpatient visit, new, level 2",RBRVS,130% MPFS,2025,130,1.72,32.7442,,73.22,75.42
HM-KHS-2025-0417,Highmark - Keystone Health System (Commercial PPO),C.1 Professional,Professional,Keystone Cardiology (org),CPT,99203,"Office/outpatient visit, new, level 3",RBRVS,130% MPFS,2025,130,2.6,32.7442,,110.68,114.00
HM-KHS-2025-0417,Highmark - Keystone Health System (Commercial PPO),C.1 Professional,Professional,Keystone Cardiology (org),CPT,99204,"Office/outpatient visit, new, level 4",RBRVS,130% MPFS,2025,130,3.9,32.7442,,166.01,170.99
HM-KHS-2025-0417,Highmark - Keystone Health System (Commercial PPO),C.1 Professional,Professional,Keystone Cardiology (org),CPT,99205,"Office/outpatient visit, new, level 5",RBRVS,130% MPFS,2025,130,5.1,32.7442,,217.09,223.60
HM-KHS-2025-0417,Highmark - Keystone Health System (Commercial PPO),C.1 Professional,Professional,Keystone Cardiology (org),CPT,99212,"Office/outpatient visit, est, level 2",RBRVS,130% MPFS,2025,130,1.3,32.7442,,55.34,57.00
HM-KHS-2025-0417,Highmark - Keystone Health System (Commercial PPO),C.1 Professional,Professional,Keystone Cardiology (org),CPT,99213,"Office/outpatient visit, est, level 3",RBRVS,130% MPFS,2025,130,2.54,32.7442,,108.12,111.36
HM-KHS-2025-0417,Highmark - Keystone Health System (Commercial PPO),C.1 Professional,Professional,"Robert Chen, MD",CPT,99213,"Office/outpatient visit, est, level 3",RBRVS,140% MPFS,2025,140,2.54,32.7442,,116.44,119.93
HM-KHS-2025-0417,Highmark - Keystone Health System (Commercial PPO),C.1 Professional,Professional,Keystone Cardiology (org),CPT,99214,"Office/outpatient visit, est, level 4",RBRVS,130% MPFS,2025,130,3.58,32.7442,,152.39,156.96
HM-KHS-2025-0417,Highmark - Keystone Health System (Commercial PPO),C.1 Professional,Professional,Keystone Cardiology (org),CPT,99215,"Office/outpatient visit, est, level 5",RBRVS,130% MPFS,2025,130,4.9,32.7442,,208.58,214.84
HM-KHS-2025-0417,Highmark - Keystone Health System (Commercial PPO),C.1 Professional,Professional,Keystone Cardiology (org),CPT,93000,"Electrocardiogram, complete",RBRVS,130% MPFS,2025,130,0.57,32.7442,,24.26,24.99
HM-KHS-2025-0417,Highmark - Keystone Health System (Commercial PPO),C.1 Professional,Professional,Keystone Cardiology (org),CPT,93010,"Electrocardiogram, interpretation only",RBRVS,130% MPFS,2025,130,0.24,32.7442,,10.22,10.53
HM-KHS-2025-0417,Highmark - Keystone Health System (Commercial PPO),C.1 Professional,Professional,Keystone Cardiology (org),CPT,29881,Knee arthroscopy w/ meniscectomy,RBRVS,130% MPFS,2025,130,12.22,32.7442,,520.17,535.78
HM-KHS-2025-0417,Highmark - Keystone Health System (Commercial PPO),C.5 Ancillary,Ancillary,Keystone Imaging Center,HCPCS,36415,Routine venipuncture,FEE_SCHEDULE,Fee schedule,2025,,,,,30.00,30.90
HM-KHS-2025-0417,Highmark - Keystone Health System (Commercial PPO),C.5 Ancillary,Ancillary,Keystone Imaging Center,CPT,80053,Comprehensive metabolic panel,FEE_SCHEDULE,Fee schedule,2025,,,,,58.00,59.74
HM-KHS-2025-0417,Highmark - Keystone Health System (Commercial PPO),C.3 Outpatient,Outpatient,Keystone Imaging Center,CPT,70450,CT head/brain w/o contrast,APC,250% OPPS,2025,,,,,412.00,424.36
HM-KHS-2025-0417,Highmark - Keystone Health System (Commercial PPO),C.3 Outpatient,Outpatient,Keystone Imaging Center,CPT,73030,"X-ray shoulder, complete",APC,250% OPPS,2025,,,,,96.00,98.88
HM-KHS-2025-0417,Highmark - Keystone Health System (Commercial PPO),C.5 Drugs,Ancillary,Keystone General (OP),HCPCS,J1885,"Ketorolac injection, per 15 mg",DRUG_ASP,ASP + 6%,2025,,,,per 15mg,3.18,3.28
HM-KHS-2025-0417,Highmark - Keystone Health System (Commercial PPO),C.1 Professional,Professional,Keystone Cardiology (org),CPT,99217,"Evaluation & Management procedure, code 99217 (specimen)",RBRVS,130% MPFS,2025,130,3.47,32.7442,,147.71,152.14
HM-KHS-2025-0417,Highmark - Keystone Health System (Commercial PPO),C.1 Professional,Professional,Keystone Cardiology (org),CPT,99220,"Evaluation & Management procedure, code 99220 (specimen)",RBRVS,130% MPFS,2025,130,4.34,32.7442,,184.74,190.28
HM-KHS-2025-0417,Highmark - Keystone Health System (Commercial PPO),C.1 Professional,Professional,Keystone Cardiology (org),CPT,99223,"Evaluation & Management procedure, code 99223 (specimen)",RBRVS,130% MPFS,2025,130,2.08,32.7442,,88.54,91.20
HM-KHS-2025-0417,Highmark - Keystone Health System (Commercial PPO),C.1 Professional,Professional,Keystone Cardiology (org),CPT,99226,"Evaluation & Management procedure, code 99226 (specimen)",RBRVS,130% MPFS,2025,130,5.52,32.7442,,234.97,242.02
HM-KHS-2025-0417,Highmark - Keystone Health System (Commercial PPO),C.1 Professional,Professional,Keystone Cardiology (org),CPT,99229,"Evaluation & Management procedure, code 99229 (specimen)",RBRVS,130% MPFS,2025,130,2.45,32.7442,,104.29,107.42
HM-KHS-2025-0417,Highmark - Keystone Health System (Commercial PPO),C.1 Professional,Professional,Keystone Cardiology (org),CPT,99232,"Evaluation & Management procedure, code 99232 (specimen)",RBRVS,130% MPFS,2025,130,4.53,32.7442,,192.83,198.61
HM-KHS-2025-0417,Highmark - Keystone Health System (Commercial PPO),C.1 Professional,Professional,Keystone Cardiology (org),CPT,99235,"Evaluation & Management procedure, code 99235 (specimen)",RBRVS,130% MPFS,2025,130,3.67,32.7442,,156.22,160.91
HM-KHS-2025-0417,Highmark - Keystone Health System (Commercial PPO),C.1 Professional,Professional,Keystone Cardiology (org),CPT,99238,"Evaluation & Management procedure, code 99238 (specimen)",RBRVS,130% MPFS,2025,130,2.15,32.7442,,91.52,94.27
HM-KHS-2025-0417,Highmark - Keystone Health System (Commercial PPO),C.1 Professional,Professional,Keystone Cardiology (org),CPT,99241,"Evaluation & Management procedure, code 99241 (specimen)",RBRVS,130% MPFS,2025,130,3.69,32.7442,,157.07,161.78
HM-KHS-2025-0417,Highmark - Keystone Health System (Commercial PPO),C.1 Professional,Professional,Keystone Cardiology (org),CPT,99244,"Evaluation & Management procedure, code 99244 (specimen)",RBRVS,130% MPFS,2025,130,2.26,32.7442,,96.20,99.09
HM-KHS-2025-0417,Highmark - Keystone Health System (Commercial PPO),C.1 Professional,Professional,Keystone Cardiology (org),CPT,92920,"Cardiovascular procedure, code 92920 (specimen)",RBRVS,130% MPFS,2025,130,10.52,32.7442,,447.81,461.24
HM-KHS-2025-0417,Highmark - Keystone Health System (Commercial PPO),C.1 Professional,Professional,Keystone Cardiology (org),CPT,92937,"Cardiovascular procedure, code 92937 (specimen)",RBRVS,130% MPFS,2025,130,21.82,32.7442,,928.82,956.68
HM-KHS-2025-0417,Highmark - Keystone Health System (Commercial PPO),C.1 Professional,Professional,Keystone Cardiology (org),CPT,92954,"Cardiovascular procedure, code 92954 (specimen)",RBRVS,130% MPFS,2025,130,9.98,32.7442,,424.82,437.56
HM-KHS-2025-0417,Highmark - Keystone Health System (Commercial PPO),C.1 Professional,Professional,Keystone Cardiology (org),CPT,92971,"Cardiovascular procedure, code 92971 (specimen)",RBRVS,130% MPFS,2025,130,17.51,32.7442,,745.36,767.72
HM-KHS-2025-0417,Highmark - Keystone Health System (Commercial PPO),C.1 Professional,Professional,Keystone Cardiology (org),CPT,92988,"Cardiovascular procedure, code 92988 (specimen)",RBRVS,130% MPFS,2025,130,21.39,32.7442,,910.52,937.84
HM-KHS-2025-0417,Highmark - Keystone Health System (Commercial PPO),C.1 Professional,Professional,Keystone Cardiology (org),CPT,93005,"Cardiovascular procedure, code 93005 (specimen)",RBRVS,130% MPFS,2025,130,10.37,32.7442,,441.42,454.66
HM-KHS-2025-0417,Highmark - Keystone Health System (Commercial PPO),C.1 Professional,Professional,Keystone Cardiology (org),CPT,93022,"Cardiovascular procedure, code 93022 (specimen)",RBRVS,130% MPFS,2025,130,21.16,32.7442,,900.73,927.75
HM-KHS-2025-0417,Highmark - Keystone Health System (Commercial PPO),C.1 Professional,Professional,Keystone Cardiology (org),CPT,93039,"Cardiovascular procedure, code 93039 (specimen)",RBRVS,130% MPFS,2025,130,13.47,32.7442,,573.38,590.58
HM-KHS-2025-0417,Highmark - Keystone Health System (Commercial PPO),C.1 Professional,Professional,Keystone Cardiology (org),CPT,93056,"Cardiovascular procedure, code 93056 (specimen)",RBRVS,130% MPFS,2025,130,18.76,32.7442,,798.57,822.53
HM-KHS-2025-0417,Highmark - Keystone Health System (Commercial PPO),C.1 Professional,Professional,Keystone Cardiology (org),CPT,93073,"Cardiovascular procedure, code 93073 (specimen)",RBRVS,130% MPFS,2025,130,6.28,32.7442,,267.32,275.34
HM-KHS-2025-0417,Highmark - Keystone Health System (Commercial PPO),C.1 Professional,Professional,Keystone Cardiology (org),CPT,93090,"Cardiovascular procedure, code 93090 (specimen)",RBRVS,130% MPFS,2025,130,26.43,32.7442,,1125.06,1158.81
HM-KHS-2025-0417,Highmark - Keystone Health System (Commercial PPO),C.1 Professional,Professional,Keystone Cardiology (org),CPT,93107,"Cardiovascular procedure, code 93107 (specimen)",RBRVS,130% MPFS,2025,130,16.2,32.7442,,689.59,710.28
HM-KHS-2025-0417,Highmark - Keystone Health System (Commercial PPO),C.1 Professional,Professional,Keystone Cardiology (org),CPT,93124,"Cardiovascular procedure, code 93124 (specimen)",RBRVS,130% MPFS,2025,130,3.48,32.7442,,148.13,152.57
HM-KHS-2025-0417,Highmark - Keystone Health System (Commercial PPO),C.1 Professional,Professional,Keystone Cardiology (org),CPT,93141,"Cardiovascular procedure, code 93141 (specimen)",RBRVS,130% MPFS,2025,130,18.94,32.7442,,806.23,830.42
HM-KHS-2025-0417,Highmark - Keystone Health System (Commercial PPO),C.1 Professional,Professional,Keystone Cardiology (org),CPT,93158,"Cardiovascular procedure, code 93158 (specimen)",RBRVS,130% MPFS,2025,130,8.03,32.7442,,341.82,352.07
HM-KHS-2025-0417,Highmark - Keystone Health System (Commercial PPO),C.1 Professional,Professional,Keystone Cardiology (org),CPT,93175,"Cardiovascular procedure, code 93175 (specimen)",RBRVS,130% MPFS,2025,130,8.98,32.7442,,382.26,393.73
HM-KHS-2025-0417,Highmark - Keystone Health System (Commercial PPO),C.1 Professional,Professional,Keystone Cardiology (org),CPT,93192,"Cardiovascular procedure, code 93192 (specimen)",RBRVS,130% MPFS,2025,130,25.11,32.7442,,1068.87,1100.94
HM-KHS-2025-0417,Highmark - Keystone Health System (Commercial PPO),C.1 Professional,Professional,Keystone Cardiology (org),CPT,93209,"Cardiovascular procedure, code 93209 (specimen)",RBRVS,130% MPFS,2025,130,26.03,32.7442,,1108.03,1141.27
HM-KHS-2025-0417,Highmark - Keystone Health System (Commercial PPO),C.1 Professional,Professional,Keystone Cardiology (org),CPT,93226,"Cardiovascular procedure, code 93226 (specimen)",RBRVS,130% MPFS,2025,130,8.0,32.7442,,340.54,350.76
HM-KHS-2025-0417,Highmark - Keystone Health System (Commercial PPO),C.1 Professional,Professional,Keystone Cardiology (org),CPT,93243,"Cardiovascular procedure, code 93243 (specimen)",RBRVS,130% MPFS,2025,130,13.35,32.7442,,568.28,585.33
HM-KHS-2025-0417,Highmark - Keystone Health System (Commercial PPO),C.1 Professional,Professional,Keystone Cardiology (org),CPT,93260,"Cardiovascular procedure, code 93260 (specimen)",RBRVS,130% MPFS,2025,130,15.71,32.7442,,668.73,688.79
HM-KHS-2025-0417,Highmark - Keystone Health System (Commercial PPO),C.1 Professional,Professional,Keystone Cardiology (org),CPT,93277,"Cardiovascular procedure, code 93277 (specimen)",RBRVS,130% MPFS,2025,130,20.42,32.7442,,869.23,895.31
HM-KHS-2025-0417,Highmark - Keystone Health System (Commercial PPO),C.1 Professional,Professional,Keystone Cardiology (org),CPT,93294,"Cardiovascular procedure, code 93294 (specimen)",RBRVS,130% MPFS,2025,130,19.99,32.7442,,850.92,876.45
HM-KHS-2025-0417,Highmark - Keystone Health System (Commercial PPO),C.1 Professional,Professional,Keystone Cardiology (org),CPT,93311,"Cardiovascular procedure, code 93311 (specimen)",RBRVS,130% MPFS,2025,130,18.81,32.7442,,800.69,824.71
HM-KHS-2025-0417,Highmark - Keystone Health System (Commercial PPO),C.1 Professional,Professional,Keystone Cardiology (org),CPT,93328,"Cardiovascular procedure, code 93328 (specimen)",RBRVS,130% MPFS,2025,130,18.16,32.7442,,773.03,796.22
HM-KHS-2025-0417,Highmark - Keystone Health System (Commercial PPO),C.1 Professional,Professional,Keystone Cardiology (org),CPT,93345,"Cardiovascular procedure, code 93345 (specimen)",RBRVS,130% MPFS,2025,130,14.17,32.7442,,603.18,621.28
HM-KHS-2025-0417,Highmark - Keystone Health System (Commercial PPO),C.1 Professional,Professional,Keystone Cardiology (org),CPT,93362,"Cardiovascular procedure, code 93362 (specimen)",RBRVS,130% MPFS,2025,130,19.38,32.7442,,824.96,849.71
HM-KHS-2025-0417,Highmark - Keystone Health System (Commercial PPO),C.1 Professional,Professional,Keystone Cardiology (org),CPT,93379,"Cardiovascular procedure, code 93379 (specimen)",RBRVS,130% MPFS,2025,130,23.45,32.7442,,998.21,1028.16
HM-KHS-2025-0417,Highmark - Keystone Health System (Commercial PPO),C.1 Professional,Professional,Keystone Cardiology (org),CPT,93396,"Cardiovascular procedure, code 93396 (specimen)",RBRVS,130% MPFS,2025,130,8.94,32.7442,,380.55,391.97
HM-KHS-2025-0417,Highmark - Keystone Health System (Commercial PPO),C.1 Professional,Professional,Keystone Cardiology (org),CPT,93413,"Cardiovascular procedure, code 93413 (specimen)",RBRVS,130% MPFS,2025,130,14.38,32.7442,,612.12,630.48
HM-KHS-2025-0417,Highmark - Keystone Health System (Commercial PPO),C.1 Professional,Professional,Keystone Cardiology (org),CPT,93430,"Cardiovascular procedure, code 93430 (specimen)",RBRVS,130% MPFS,2025,130,4.46,32.7442,,189.85,195.55
HM-KHS-2025-0417,Highmark - Keystone Health System (Commercial PPO),C.1 Professional,Professional,Keystone Cardiology (org),CPT,93447,"Cardiovascular procedure, code 93447 (specimen)",RBRVS,130% MPFS,2025,130,14.49,32.7442,,616.80,635.30
HM-KHS-2025-0417,Highmark - Keystone Health System (Commercial PPO),C.1 Professional,Professional,Keystone Cardiology (org),CPT,93464,"Cardiovascular procedure, code 93464 (specimen)",RBRVS,130% MPFS,2025,130,20.87,32.7442,,888.38,915.03
HM-KHS-2025-0417,Highmark - Keystone Health System (Commercial PPO),C.1 Professional,Professional,Keystone Cardiology (org),CPT,93481,"Cardiovascular procedure, code 93481 (specimen)",RBRVS,130% MPFS,2025,130,7.73,32.7442,,329.05,338.92
HM-KHS-2025-0417,Highmark - Keystone Health System (Commercial PPO),C.1 Professional,Professional,Keystone Cardiology (org),CPT,93498,"Cardiovascular procedure, code 93498 (specimen)",RBRVS,130% MPFS,2025,130,19.21,32.7442,,817.72,842.25
HM-KHS-2025-0417,Highmark - Keystone Health System (Commercial PPO),C.1 Professional,Professional,Keystone Cardiology (org),CPT,93515,"Cardiovascular procedure, code 93515 (specimen)",RBRVS,130% MPFS,2025,130,14.08,32.7442,,599.35,617.33
HM-KHS-2025-0417,Highmark - Keystone Health System (Commercial PPO),C.1 Professional,Professional,Keystone Cardiology (org),CPT,93532,"Cardiovascular procedure, code 93532 (specimen)",RBRVS,130% MPFS,2025,130,11.28,32.7442,,480.16,494.56
HM-KHS-2025-0417,Highmark - Keystone Health System (Commercial PPO),C.1 Professional,Professional,Keystone Cardiology (org),CPT,93549,"Cardiovascular procedure, code 93549 (specimen)",RBRVS,130% MPFS,2025,130,24.81,32.7442,,1056.10,1087.78
HM-KHS-2025-0417,Highmark - Keystone Health System (Commercial PPO),C.1 Professional,Professional,Keystone Cardiology (org),CPT,93566,"Cardiovascular procedure, code 93566 (specimen)",RBRVS,130% MPFS,2025,130,19.58,32.7442,,833.47,858.47
HM-KHS-2025-0417,Highmark - Keystone Health System (Commercial PPO),C.1 Professional,Professional,Keystone Cardiology (org),CPT,93583,"Cardiovascular procedure, code 93583 (specimen)",RBRVS,130% MPFS,2025,130,22.84,32.7442,,972.24,1001.41
HM-KHS-2025-0417,Highmark - Keystone Health System (Commercial PPO),C.1 Professional,Professional,Keystone Cardiology (org),CPT,93600,"Cardiovascular procedure, code 93600 (specimen)",RBRVS,130% MPFS,2025,130,21.27,32.7442,,905.41,932.57
HM-KHS-2025-0417,Highmark - Keystone Health System (Commercial PPO),C.1 Professional,Professional,Keystone Cardiology (org),CPT,93617,"Cardiovascular procedure, code 93617 (specimen)",RBRVS,130% MPFS,2025,130,10.52,32.7442,,447.81,461.24
HM-KHS-2025-0417,Highmark - Keystone Health System (Commercial PPO),C.1 Professional,Professional,Keystone Cardiology (org),CPT,93634,"Cardiovascular procedure, code 93634 (specimen)",RBRVS,130% MPFS,2025,130,23.97,32.7442,,1020.34,1050.95
HM-KHS-2025-0417,Highmark - Keystone Health System (Commercial PPO),C.1 Professional,Professional,Keystone Cardiology (org),CPT,93651,"Cardiovascular procedure, code 93651 (specimen)",RBRVS,130% MPFS,2025,130,9.17,32.7442,,390.34,402.05
HM-KHS-2025-0417,Highmark - Keystone Health System (Commercial PPO),C.1 Professional,Professional,Keystone Cardiology (org),CPT,93668,"Cardiovascular procedure, code 93668 (specimen)",RBRVS,130% MPFS,2025,130,9.17,32.7442,,390.34,402.05
HM-KHS-2025-0417,Highmark - Keystone Health System (Commercial PPO),C.1 Professional,Professional,Keystone Cardiology (org),CPT,93685,"Cardiovascular procedure, code 93685 (specimen)",RBRVS,130% MPFS,2025,130,26.23,32.7442,,1116.54,1150.04
HM-KHS-2025-0417,Highmark - Keystone Health System (Commercial PPO),C.1 Professional,Professional,Keystone Cardiology (org),CPT,93702,"Cardiovascular procedure, code 93702 (specimen)",RBRVS,130% MPFS,2025,130,25.67,32.7442,,1092.71,1125.49
HM-KHS-2025-0417,Highmark - Keystone Health System (Commercial PPO),C.1 Professional,Professional,Keystone Cardiology (org),CPT,93719,"Cardiovascular procedure, code 93719 (specimen)",RBRVS,130% MPFS,2025,130,6.56,32.7442,,279.24,287.62
HM-KHS-2025-0417,Highmark - Keystone Health System (Commercial PPO),C.1 Professional,Professional,Keystone Cardiology (org),CPT,93736,"Cardiovascular procedure, code 93736 (specimen)",RBRVS,130% MPFS,2025,130,8.91,32.7442,,379.28,390.66
HM-KHS-2025-0417,Highmark - Keystone Health System (Commercial PPO),C.1 Professional,Professional,Keystone Cardiology (org),CPT,93753,"Cardiovascular procedure, code 93753 (specimen)",RBRVS,130% MPFS,2025,130,8.85,32.7442,,376.72,388.02
HM-KHS-2025-0417,Highmark - Keystone Health System (Commercial PPO),C.1 Professional,Professional,Keystone Cardiology (org),CPT,93770,"Cardiovascular procedure, code 93770 (specimen)",RBRVS,130% MPFS,2025,130,11.17,32.7442,,475.48,489.74
HM-KHS-2025-0417,Highmark - Keystone Health System (Commercial PPO),C.1 Professional,Professional,Keystone Cardiology (org),CPT,93787,"Cardiovascular procedure, code 93787 (specimen)",RBRVS,130% MPFS,2025,130,21.6,32.7442,,919.46,947.04
HM-KHS-2025-0417,Highmark - Keystone Health System (Commercial PPO),C.1 Professional,Professional,Keystone Cardiology (org),CPT,20005,"Musculoskeletal / Ortho procedure, code 20005 (specimen)",RBRVS,130% MPFS,2025,130,7.68,32.7442,,326.92,336.73
HM-KHS-2025-0417,Highmark - Keystone Health System (Commercial PPO),C.1 Professional,Professional,Keystone Cardiology (org),CPT,20095,"Musculoskeletal / Ortho procedure, code 20095 (specimen)",RBRVS,130% MPFS,2025,130,19.58,32.7442,,833.47,858.47
HM-KHS-2025-0417,Highmark - Keystone Health System (Commercial PPO),C.1 Professional,Professional,Keystone Cardiology (org),CPT,20185,"Musculoskeletal / Ortho procedure, code 20185 (specimen)",RBRVS,130% MPFS,2025,130,20.17,32.7442,,858.59,884.35
HM-KHS-2025-0417,Highmark - Keystone Health System (Commercial PPO),C.1 Professional,Professional,Keystone Cardiology (org),CPT,20275,"Musculoskeletal / Ortho procedure, code 20275 (specimen)",RBRVS,130% MPFS,2025,130,17.94,32.7442,,763.66,786.57
HM-KHS-2025-0417,Highmark - Keystone Health System (Commercial PPO),C.1 Professional,Professional,Keystone Cardiology (org),CPT,20365,"Musculoskeletal / Ortho procedure, code 20365 (specimen)",RBRVS,130% MPFS,2025,130,4.82,32.7442,,205.18,211.34
HM-KHS-2025-0417,Highmark - Keystone Health System (Commercial PPO),C.1 Professional,Professional,Keystone Cardiology (org),CPT,20455,"Musculoskeletal / Ortho procedure, code 20455 (specimen)",RBRVS,130% MPFS,2025,130,17.82,32.7442,,758.55,781.31
HM-KHS-2025-0417,Highmark - Keystone Health System (Commercial PPO),C.1 Professional,Professional,Keystone Cardiology (org),CPT,20545,"Musculoskeletal / Ortho procedure, code 20545 (specimen)",RBRVS,130% MPFS,2025,130,20.24,32.7442,,861.57,887.42
HM-KHS-2025-0417,Highmark - Keystone Health System (Commercial PPO),C.1 Professional,Professional,Keystone Cardiology (org),CPT,20635,"Musculoskeletal / Ortho procedure, code 20635 (specimen)",RBRVS,130% MPFS,2025,130,11.47,32.7442,,488.25,502.90
HM-KHS-2025-0417,Highmark - Keystone Health System (Commercial PPO),C.1 Professional,Professional,Keystone Cardiology (org),CPT,20725,"Musculoskeletal / Ortho procedure, code 20725 (specimen)",RBRVS,130% MPFS,2025,130,13.06,32.7442,,555.93,572.61
HM-KHS-2025-0417,Highmark - Keystone Health System (Commercial PPO),C.1 Professional,Professional,Keystone Cardiology (org),CPT,20815,"Musculoskeletal / Ortho procedure, code 20815 (specimen)",RBRVS,130% MPFS,2025,130,25.9,32.7442,,1102.50,1135.58
HM-KHS-2025-0417,Highmark - Keystone Health System (Commercial PPO),C.1 Professional,Professional,Keystone Cardiology (org),CPT,20905,"Musculoskeletal / Ortho procedure, code 20905 (specimen)",RBRVS,130% MPFS,2025,130,15.41,32.7442,,655.96,675.64
HM-KHS-2025-0417,Highmark - Keystone Health System (Commercial PPO),C.1 Professional,Professional,Keystone Cardiology (org),CPT,20995,"Musculoskeletal / Ortho procedure, code 20995 (specimen)",RBRVS,130% MPFS,2025,130,21.38,32.7442,,910.09,937.39
HM-KHS-2025-0417,Highmark - Keystone Health System (Commercial PPO),C.1 Professional,Professional,Keystone Cardiology (org),CPT,21085,"Musculoskeletal / Ortho procedure, code 21085 (specimen)",RBRVS,130% MPFS,2025,130,24.56,32.7442,,1045.46,1076.82
HM-KHS-2025-0417,Highmark - Keystone Health System (Commercial PPO),C.1 Professional,Professional,Keystone Cardiology (org),CPT,21175,"Musculoskeletal / Ortho procedure, code 21175 (specimen)",RBRVS,130% MPFS,2025,130,25.39,32.7442,,1080.79,1113.21
HM-KHS-2025-0417,Highmark - Keystone Health System (Commercial PPO),C.1 Professional,Professional,Keystone Cardiology (org),CPT,21265,"Musculoskeletal / Ortho procedure, code 21265 (specimen)",RBRVS,130% MPFS,2025,130,25.22,32.7442,,1073.55,1105.76
HM-KHS-2025-0417,Highmark - Keystone Health System (Commercial PPO),C.1 Professional,Professional,Keystone Cardiology (org),CPT,21355,"Musculoskeletal / Ortho procedure, code 21355 (specimen)",RBRVS,130% MPFS,2025,130,22.76,32.7442,,968.84,997.91
HM-KHS-2025-0417,Highmark - Keystone Health System (Commercial PPO),C.1 Professional,Professional,Keystone Cardiology (org),CPT,21445,"Musculoskeletal / Ortho procedure, code 21445 (specimen)",RBRVS,130% MPFS,2025,130,9.86,32.7442,,419.72,432.31
HM-KHS-2025-0417,Highmark - Keystone Health System (Commercial PPO),C.1 Professional,Professional,Keystone Cardiology (org),CPT,21535,"Musculoskeletal / Ortho procedure, code 21535 (specimen)",RBRVS,130% MPFS,2025,130,28.2,32.7442,,1200.40,1236.41
HM-KHS-2025-0417,Highmark - Keystone Health System (Commercial PPO),C.1 Professional,Professional,Keystone Cardiology (org),CPT,21625,"Musculoskeletal / Ortho procedure, code 21625 (specimen)",RBRVS,130% MPFS,2025,130,28.15,32.7442,,1198.27,1234.22
HM-KHS-2025-0417,Highmark - Keystone Health System (Commercial PPO),C.1 Professional,Professional,Keystone Cardiology (org),CPT,21715,"Musculoskeletal / Ortho procedure, code 21715 (specimen)",RBRVS,130% MPFS,2025,130,12.76,32.7442,,543.16,559.45
HM-KHS-2025-0417,Highmark - Keystone Health System (Commercial PPO),C.1 Professional,Professional,Keystone Cardiology (org),CPT,21805,"Musculoskeletal / Ortho procedure, code 21805 (specimen)",RBRVS,130% MPFS,2025,130,26.47,32.7442,,1126.76,1160.56
HM-KHS-2025-0417,Highmark - Keystone Health System (Commercial PPO),C.1 Professional,Professional,Keystone Cardiology (org),CPT,21895,"Musculoskeletal / Ortho procedure, code 21895 (specimen)",RBRVS,130% MPFS,2025,130,8.17,32.7442,,347.78,358.21
HM-KHS-2025-0417,Highmark - Keystone Health System (Commercial PPO),C.1 Professional,Professional,Keystone Cardiology (org),CPT,21985,"Musculoskeletal / Ortho procedure, code 21985 (specimen)",RBRVS,130% MPFS,2025,130,25.09,32.7442,,1068.02,1100.06
HM-KHS-2025-0417,Highmark - Keystone Health System (Commercial PPO),C.1 Professional,Professional,Keystone Cardiology (org),CPT,22075,"Musculoskeletal / Ortho procedure, code 22075 (specimen)",RBRVS,130% MPFS,2025,130,26.15,32.7442,,1113.14,1146.53
HM-KHS-2025-0417,Highmark - Keystone Health System (Commercial PPO),C.1 Professional,Professional,Keystone Cardiology (org),CPT,22165,"Musculoskeletal / Ortho procedure, code 22165 (specimen)",RBRVS,130% MPFS,2025,130,10.12,32.7442,,430.78,443.70
HM-KHS-2025-0417,Highmark - Keystone Health System (Commercial PPO),C.1 Professional,Professional,Keystone Cardiology (org),CPT,22255,"Musculoskeletal / Ortho procedure, code 22255 (specimen)",RBRVS,130% MPFS,2025,130,27.33,32.7442,,1163.37,1198.27
HM-KHS-2025-0417,Highmark - Keystone Health System (Commercial PPO),C.1 Professional,Professional,Keystone Cardiology (org),CPT,22345,"Musculoskeletal / Ortho procedure, code 22345 (specimen)",RBRVS,130% MPFS,2025,130,29.44,32.7442,,1253.19,1290.79
HM-KHS-2025-0417,Highmark - Keystone Health System (Commercial PPO),C.1 Professional,Professional,Keystone Cardiology (org),CPT,22435,"Musculoskeletal / Ortho procedure, code 22435 (specimen)",RBRVS,130% MPFS,2025,130,12.98,32.7442,,552.53,569.11
HM-KHS-2025-0417,Highmark - Keystone Health System (Commercial PPO),C.1 Professional,Professional,Keystone Cardiology (org),CPT,22525,"Musculoskeletal / Ortho procedure, code 22525 (specimen)",RBRVS,130% MPFS,2025,130,8.71,32.7442,,370.76,381.88
HM-KHS-2025-0417,Highmark - Keystone Health System (Commercial PPO),C.1 Professional,Professional,Keystone Cardiology (org),CPT,22615,"Musculoskeletal / Ortho procedure, code 22615 (specimen)",RBRVS,130% MPFS,2025,130,10.53,32.7442,,448.24,461.69
HM-KHS-2025-0417,Highmark - Keystone Health System (Commercial PPO),C.1 Professional,Professional,Keystone Cardiology (org),CPT,22705,"Musculoskeletal / Ortho procedure, code 22705 (specimen)",RBRVS,130% MPFS,2025,130,27.47,32.7442,,1169.33,1204.41
HM-KHS-2025-0417,Highmark - Keystone Health System (Commercial PPO),C.1 Professional,Professional,Keystone Cardiology (org),CPT,22795,"Musculoskeletal / Ortho procedure, code 22795 (specimen)",RBRVS,130% MPFS,2025,130,3.45,32.7442,,146.86,151.27
HM-KHS-2025-0417,Highmark - Keystone Health System (Commercial PPO),C.1 Professional,Professional,Keystone Cardiology (org),CPT,22885,"Musculoskeletal / Ortho procedure, code 22885 (specimen)",RBRVS,130% MPFS,2025,130,6.83,32.7442,,290.74,299.46
HM-KHS-2025-0417,Highmark - Keystone Health System (Commercial PPO),C.1 Professional,Professional,Keystone Cardiology (org),CPT,22975,"Musculoskeletal / Ortho procedure, code 22975 (specimen)",RBRVS,130% MPFS,2025,130,15.39,32.7442,,655.11,674.76
HM-KHS-2025-0417,Highmark - Keystone Health System (Commercial PPO),C.1 Professional,Professional,Keystone Cardiology (org),CPT,23065,"Musculoskeletal / Ortho procedure, code 23065 (specimen)",RBRVS,130% MPFS,2025,130,19.52,32.7442,,830.92,855.85
HM-KHS-2025-0417,Highmark - Keystone Health System (Commercial PPO),C.1 Professional,Professional,Keystone Cardiology (org),CPT,23155,"Musculoskeletal / Ortho procedure, code 23155 (specimen)",RBRVS,130% MPFS,2025,130,9.02,32.7442,,383.96,395.48
HM-KHS-2025-0417,Highmark - Keystone Health System (Commercial PPO),C.1 Professional,Professional,Keystone Cardiology (org),CPT,23245,"Musculoskeletal / Ortho procedure, code 23245 (specimen)",RBRVS,130% MPFS,2025,130,4.66,32.7442,,198.36,204.31
HM-KHS-2025-0417,Highmark - Keystone Health System (Commercial PPO),C.1 Professional,Professional,Keystone Cardiology (org),CPT,23335,"Musculoskeletal / Ortho procedure, code 23335 (specimen)",RBRVS,130% MPFS,2025,130,10.16,32.7442,,432.49,445.46
HM-KHS-2025-0417,Highmark - Keystone Health System (Commercial PPO),C.1 Professional,Professional,Keystone Cardiology (org),CPT,23425,"Musculoskeletal / Ortho procedure, code 23425 (specimen)",RBRVS,130% MPFS,2025,130,4.66,32.7442,,198.36,204.31
HM-KHS-2025-0417,Highmark - Keystone Health System (Commercial PPO),C.1 Professional,Professional,Keystone Cardiology (org),CPT,23515,"Musculoskeletal / Ortho procedure, code 23515 (specimen)",RBRVS,130% MPFS,2025,130,29.29,32.7442,,1246.80,1284.20
HM-KHS-2025-0417,Highmark - Keystone Health System (Commercial PPO),C.1 Professional,Professional,Keystone Cardiology (org),CPT,23605,"Musculoskeletal / Ortho procedure, code 23605 (specimen)",RBRVS,130% MPFS,2025,130,20.81,32.7442,,885.83,912.40
HM-KHS-2025-0417,Highmark - Keystone Health System (Commercial PPO),C.1 Professional,Professional,Keystone Cardiology (org),CPT,23695,"Musculoskeletal / Ortho procedure, code 23695 (specimen)",RBRVS,130% MPFS,2025,130,4.65,32.7442,,197.94,203.88
HM-KHS-2025-0417,Highmark - Keystone Health System (Commercial PPO),C.1 Professional,Professional,Keystone Cardiology (org),CPT,23785,"Musculoskeletal / Ortho procedure, code 23785 (specimen)",RBRVS,130% MPFS,2025,130,24.17,32.7442,,1028.86,1059.73
HM-KHS-2025-0417,Highmark - Keystone Health System (Commercial PPO),C.1 Professional,Professional,Keystone Cardiology (org),CPT,23875,"Musculoskeletal / Ortho procedure, code 23875 (specimen)",RBRVS,130% MPFS,2025,130,4.03,32.7442,,171.55,176.70
HM-KHS-2025-0417,Highmark - Keystone Health System (Commercial PPO),C.1 Professional,Professional,Keystone Cardiology (org),CPT,23965,"Musculoskeletal / Ortho procedure, code 23965 (specimen)",RBRVS,130% MPFS,2025,130,15.37,32.7442,,654.26,673.89
HM-KHS-2025-0417,Highmark - Keystone Health System (Commercial PPO),C.1 Professional,Professional,Keystone Cardiology (org),CPT,24055,"Musculoskeletal / Ortho procedure, code 24055 (specimen)",RBRVS,130% MPFS,2025,130,5.52,32.7442,,234.97,242.02
HM-KHS-2025-0417,Highmark - Keystone Health System (Commercial PPO),C.1 Professional,Professional,Keystone Cardiology (org),CPT,24145,"Musculoskeletal / Ortho procedure, code 24145 (specimen)",RBRVS,130% MPFS,2025,130,15.48,32.7442,,658.94,678.71
HM-KHS-2025-0417,Highmark - Keystone Health System (Commercial PPO),C.1 Professional,Professional,Keystone Cardiology (org),CPT,24235,"Musculoskeletal / Ortho procedure, code 24235 (specimen)",RBRVS,130% MPFS,2025,130,23.9,32.7442,,1017.36,1047.88
HM-KHS-2025-0417,Highmark - Keystone Health System (Commercial PPO),C.1 Professional,Professional,Keystone Cardiology (org),CPT,24325,"Musculoskeletal / Ortho procedure, code 24325 (specimen)",RBRVS,130% MPFS,2025,130,23.21,32.7442,,987.99,1017.63
HM-KHS-2025-0417,Highmark - Keystone Health System (Commercial PPO),C.1 Professional,Professional,Keystone Cardiology (org),CPT,24415,"Musculoskeletal / Ortho procedure, code 24415 (specimen)",RBRVS,130% MPFS,2025,130,29.3,32.7442,,1247.23,1284.65
HM-KHS-2025-0417,Highmark - Keystone Health System (Commercial PPO),C.1 Professional,Professional,Keystone Cardiology (org),CPT,24505,"Musculoskeletal / Ortho procedure, code 24505 (specimen)",RBRVS,130% MPFS,2025,130,16.68,32.7442,,710.03,731.33
HM-KHS-2025-0417,Highmark - Keystone Health System (Commercial PPO),C.1 Professional,Professional,Keystone Cardiology (org),CPT,24595,"Musculoskeletal / Ortho procedure, code 24595 (specimen)",RBRVS,130% MPFS,2025,130,17.01,32.7442,,724.07,745.79
HM-KHS-2025-0417,Highmark - Keystone Health System (Commercial PPO),C.1 Professional,Professional,Keystone Cardiology (org),CPT,24685,"Musculoskeletal / Ortho procedure, code 24685 (specimen)",RBRVS,130% MPFS,2025,130,4.67,32.7442,,198.79,204.75
HM-KHS-2025-0417,Highmark - Keystone Health System (Commercial PPO),C.1 Professional,Professional,Keystone Cardiology (org),CPT,24775,"Musculoskeletal / Ortho procedure, code 24775 (specimen)",RBRVS,130% MPFS,2025,130,23.77,32.7442,,1011.83,1042.18
HM-KHS-2025-0417,Highmark - Keystone Health System (Commercial PPO),C.1 Professional,Professional,Keystone Cardiology (org),CPT,24865,"Musculoskeletal / Ortho procedure, code 24865 (specimen)",RBRVS,130% MPFS,2025,130,8.77,32.7442,,373.32,384.52
HM-KHS-2025-0417,Highmark - Keystone Health System (Commercial PPO),C.1 Professional,Professional,Keystone Cardiology (org),CPT,24955,"Musculoskeletal / Ortho procedure, code 24955 (specimen)",RBRVS,130% MPFS,2025,130,26.01,32.7442,,1107.18,1140.40
HM-KHS-2025-0417,Highmark - Keystone Health System (Commercial PPO),C.1 Professional,Professional,Keystone Cardiology (org),CPT,25045,"Musculoskeletal / Ortho procedure, code 25045 (specimen)",RBRVS,130% MPFS,2025,130,27.06,32.7442,,1151.88,1186.44
HM-KHS-2025-0417,Highmark - Keystone Health System (Commercial PPO),C.1 Professional,Professional,Keystone Cardiology (org),CPT,25135,"Musculoskeletal / Ortho procedure, code 25135 (specimen)",RBRVS,130% MPFS,2025,130,28.83,32.7442,,1227.22,1264.04
HM-KHS-2025-0417,Highmark - Keystone Health System (Commercial PPO),C.1 Professional,Professional,Keystone Cardiology (org),CPT,25225,"Musculoskeletal / Ortho procedure, code 25225 (specimen)",RBRVS,130% MPFS,2025,130,27.06,32.7442,,1151.88,1186.44
HM-KHS-2025-0417,Highmark - Keystone Health System (Commercial PPO),C.1 Professional,Professional,Keystone Cardiology (org),CPT,25315,"Musculoskeletal / Ortho procedure, code 25315 (specimen)",RBRVS,130% MPFS,2025,130,26.28,32.7442,,1118.67,1152.23
HM-KHS-2025-0417,Highmark - Keystone Health System (Commercial PPO),C.1 Professional,Professional,Keystone Cardiology (org),CPT,25405,"Musculoskeletal / Ortho procedure, code 25405 (specimen)",RBRVS,130% MPFS,2025,130,21.74,32.7442,,925.42,953.18
HM-KHS-2025-0417,Highmark - Keystone Health System (Commercial PPO),C.1 Professional,Professional,Keystone Cardiology (org),CPT,25495,"Musculoskeletal / Ortho procedure, code 25495 (specimen)",RBRVS,130% MPFS,2025,130,14.77,32.7442,,628.72,647.58
HM-KHS-2025-0417,Highmark - Keystone Health System (Commercial PPO),C.1 Professional,Professional,Keystone Cardiology (org),CPT,25585,"Musculoskeletal / Ortho procedure, code 25585 (specimen)",RBRVS,130% MPFS,2025,130,9.2,32.7442,,391.62,403.37
HM-KHS-2025-0417,Highmark - Keystone Health System (Commercial PPO),C.1 Professional,Professional,Keystone Cardiology (org),CPT,25675,"Musculoskeletal / Ortho procedure, code 25675 (specimen)",RBRVS,130% MPFS,2025,130,28.27,32.7442,,1203.38,1239.48
HM-KHS-2025-0417,Highmark - Keystone Health System (Commercial PPO),C.1 Professional,Professional,Keystone Cardiology (org),CPT,25765,"Musculoskeletal / Ortho procedure, code 25765 (specimen)",RBRVS,130% MPFS,2025,130,7.12,32.7442,,303.08,312.17
HM-KHS-2025-0417,Highmark - Keystone Health System (Commercial PPO),C.1 Professional,Professional,Keystone Cardiology (org),CPT,25855,"Musculoskeletal / Ortho procedure, code 25855 (specimen)",RBRVS,130% MPFS,2025,130,22.93,32.7442,,976.07,1005.35
HM-KHS-2025-0417,Highmark - Keystone Health System (Commercial PPO),C.1 Professional,Professional,Keystone Cardiology (org),CPT,25945,"Musculoskeletal / Ortho procedure, code 25945 (specimen)",RBRVS,130% MPFS,2025,130,21.05,32.7442,,896.05,922.93
HM-KHS-2025-0417,Highmark - Keystone Health System (Commercial PPO),C.1 Professional,Professional,Keystone Cardiology (org),CPT,26035,"Musculoskeletal / Ortho procedure, code 26035 (specimen)",RBRVS,130% MPFS,2025,130,7.5,32.7442,,319.26,328.84
HM-KHS-2025-0417,Highmark - Keystone Health System (Commercial PPO),C.1 Professional,Professional,Keystone Cardiology (org),CPT,26125,"Musculoskeletal / Ortho procedure, code 26125 (specimen)",RBRVS,130% MPFS,2025,130,21.21,32.7442,,902.86,929.95
HM-KHS-2025-0417,Highmark - Keystone Health System (Commercial PPO),C.1 Professional,Professional,Keystone Cardiology (org),CPT,26215,"Musculoskeletal / Ortho procedure, code 26215 (specimen)",RBRVS,130% MPFS,2025,130,14.92,32.7442,,635.11,654.16
HM-KHS-2025-0417,Highmark - Keystone Health System (Commercial PPO),C.1 Professional,Professional,Keystone Cardiology (org),CPT,26305,"Musculoskeletal / Ortho procedure, code 26305 (specimen)",RBRVS,130% MPFS,2025,130,7.39,32.7442,,314.57,324.01
HM-KHS-2025-0417,Highmark - Keystone Health System (Commercial PPO),C.1 Professional,Professional,Keystone Cardiology (org),CPT,26395,"Musculoskeletal / Ortho procedure, code 26395 (specimen)",RBRVS,130% MPFS,2025,130,22.38,32.7442,,952.66,981.24
HM-KHS-2025-0417,Highmark - Keystone Health System (Commercial PPO),C.1 Professional,Professional,Keystone Cardiology (org),CPT,26485,"Musculoskeletal / Ortho procedure, code 26485 (specimen)",RBRVS,130% MPFS,2025,130,27.93,32.7442,,1188.91,1224.58
HM-KHS-2025-0417,Highmark - Keystone Health System (Commercial PPO),C.1 Professional,Professional,Keystone Cardiology (org),CPT,26575,"Musculoskeletal / Ortho procedure, code 26575 (specimen)",RBRVS,130% MPFS,2025,130,22.98,32.7442,,978.20,1007.55
HM-KHS-2025-0417,Highmark - Keystone Health System (Commercial PPO),C.1 Professional,Professional,Keystone Cardiology (org),CPT,26665,"Musculoskeletal / Ortho procedure, code 26665 (specimen)",RBRVS,130% MPFS,2025,130,25.2,32.7442,,1072.70,1104.88
HM-KHS-2025-0417,Highmark - Keystone Health System (Commercial PPO),C.1 Professional,Professional,Keystone Cardiology (org),CPT,26755,"Musculoskeletal / Ortho procedure, code 26755 (specimen)",RBRVS,130% MPFS,2025,130,14.72,32.7442,,626.59,645.39
HM-KHS-2025-0417,Highmark - Keystone Health System (Commercial PPO),C.1 Professional,Professional,Keystone Cardiology (org),CPT,26845,"Musculoskeletal / Ortho procedure, code 26845 (specimen)",RBRVS,130% MPFS,2025,130,22.39,32.7442,,953.09,981.68
HM-KHS-2025-0417,Highmark - Keystone Health System (Commercial PPO),C.1 Professional,Professional,Keystone Cardiology (org),CPT,26935,"Musculoskeletal / Ortho procedure, code 26935 (specimen)",RBRVS,130% MPFS,2025,130,12.99,32.7442,,552.95,569.54
HM-KHS-2025-0417,Highmark - Keystone Health System (Commercial PPO),C.1 Professional,Professional,Keystone Cardiology (org),CPT,27025,"Musculoskeletal / Ortho procedure, code 27025 (specimen)",RBRVS,130% MPFS,2025,130,26.77,32.7442,,1139.53,1173.72
HM-KHS-2025-0417,Highmark - Keystone Health System (Commercial PPO),C.1 Professional,Professional,Keystone Cardiology (org),CPT,27115,"Musculoskeletal / Ortho procedure, code 27115 (specimen)",RBRVS,130% MPFS,2025,130,28.25,32.7442,,1202.53,1238.61
HM-KHS-2025-0417,Highmark - Keystone Health System (Commercial PPO),C.1 Professional,Professional,Keystone Cardiology (org),CPT,27205,"Musculoskeletal / Ortho procedure, code 27205 (specimen)",RBRVS,130% MPFS,2025,130,26.85,32.7442,,1142.94,1177.23
HM-KHS-2025-0417,Highmark - Keystone Health System (Commercial PPO),C.1 Professional,Professional,Keystone Cardiology (org),CPT,27295,"Musculoskeletal / Ortho procedure, code 27295 (specimen)",RBRVS,130% MPFS,2025,130,26.59,32.7442,,1131.87,1165.83
HM-KHS-2025-0417,Highmark - Keystone Health System (Commercial PPO),C.1 Professional,Professional,Keystone Cardiology (org),CPT,27385,"Musculoskeletal / Ortho procedure, code 27385 (specimen)",RBRVS,130% MPFS,2025,130,11.78,32.7442,,501.44,516.48
HM-KHS-2025-0417,Highmark - Keystone Health System (Commercial PPO),C.1 Professional,Professional,Keystone Cardiology (org),CPT,27475,"Musculoskeletal / Ortho procedure, code 27475 (specimen)",RBRVS,130% MPFS,2025,130,27.05,32.7442,,1151.45,1185.99
HM-KHS-2025-0417,Highmark - Keystone Health System (Commercial PPO),C.1 Professional,Professional,Keystone Cardiology (org),CPT,27565,"Musculoskeletal / Ortho procedure, code 27565 (specimen)",RBRVS,130% MPFS,2025,130,11.64,32.7442,,495.49,510.35
HM-KHS-2025-0417,Highmark - Keystone Health System (Commercial PPO),C.1 Professional,Professional,Keystone Cardiology (org),CPT,27655,"Musculoskeletal / Ortho procedure, code 27655 (specimen)",RBRVS,130% MPFS,2025,130,5.72,32.7442,,243.49,250.79
HM-KHS-2025-0417,Highmark - Keystone Health System (Commercial PPO),C.1 Professional,Professional,Keystone Cardiology (org),CPT,27745,"Musculoskeletal / Ortho procedure, code 27745 (specimen)",RBRVS,130% MPFS,2025,130,10.19,32.7442,,433.76,446.77
HM-KHS-2025-0417,Highmark - Keystone Health System (Commercial PPO),C.1 Professional,Professional,Keystone Cardiology (org),CPT,27835,"Musculoskeletal / Ortho procedure, code 27835 (specimen)",RBRVS,130% MPFS,2025,130,9.86,32.7442,,419.72,432.31
HM-KHS-2025-0417,Highmark - Keystone Health System (Commercial PPO),C.1 Professional,Professional,Keystone Cardiology (org),CPT,27925,"Musculoskeletal / Ortho procedure, code 27925 (specimen)",RBRVS,130% MPFS,2025,130,19.32,32.7442,,822.40,847.07
HM-KHS-2025-0417,Highmark - Keystone Health System (Commercial PPO),C.1 Professional,Professional,Keystone Cardiology (org),CPT,28015,"Musculoskeletal / Ortho procedure, code 28015 (specimen)",RBRVS,130% MPFS,2025,130,25.42,32.7442,,1082.06,1114.52
HM-KHS-2025-0417,Highmark - Keystone Health System (Commercial PPO),C.1 Professional,Professional,Keystone Cardiology (org),CPT,28105,"Musculoskeletal / Ortho procedure, code 28105 (specimen)",RBRVS,130% MPFS,2025,130,6.72,32.7442,,286.05,294.63
HM-KHS-2025-0417,Highmark - Keystone Health System (Commercial PPO),C.1 Professional,Professional,Keystone Cardiology (org),CPT,28195,"Musculoskeletal / Ortho procedure, code 28195 (specimen)",RBRVS,130% MPFS,2025,130,26.76,32.7442,,1139.11,1173.28
HM-KHS-2025-0417,Highmark - Keystone Health System (Commercial PPO),C.1 Professional,Professional,Keystone Cardiology (org),CPT,28285,"Musculoskeletal / Ortho procedure, code 28285 (specimen)",RBRVS,130% MPFS,2025,130,20.6,32.7442,,876.89,903.20
HM-KHS-2025-0417,Highmark - Keystone Health System (Commercial PPO),C.1 Professional,Professional,Keystone Cardiology (org),CPT,28375,"Musculoskeletal / Ortho procedure, code 28375 (specimen)",RBRVS,130% MPFS,2025,130,29.36,32.7442,,1249.78,1287.27
HM-KHS-2025-0417,Highmark - Keystone Health System (Commercial PPO),C.1 Professional,Professional,Keystone Cardiology (org),CPT,28465,"Musculoskeletal / Ortho procedure, code 28465 (specimen)",RBRVS,130% MPFS,2025,130,28.83,32.7442,,1227.22,1264.04
HM-KHS-2025-0417,Highmark - Keystone Health System (Commercial PPO),C.1 Professional,Professional,Keystone Cardiology (org),CPT,28555,"Musculoskeletal / Ortho procedure, code 28555 (specimen)",RBRVS,130% MPFS,2025,130,18.81,32.7442,,800.69,824.71
HM-KHS-2025-0417,Highmark - Keystone Health System (Commercial PPO),C.1 Professional,Professional,Keystone Cardiology (org),CPT,28645,"Musculoskeletal / Ortho procedure, code 28645 (specimen)",RBRVS,130% MPFS,2025,130,9.81,32.7442,,417.59,430.12
HM-KHS-2025-0417,Highmark - Keystone Health System (Commercial PPO),C.1 Professional,Professional,Keystone Cardiology (org),CPT,28735,"Musculoskeletal / Ortho procedure, code 28735 (specimen)",RBRVS,130% MPFS,2025,130,4.39,32.7442,,186.87,192.48
HM-KHS-2025-0417,Highmark - Keystone Health System (Commercial PPO),C.1 Professional,Professional,Keystone Cardiology (org),CPT,28825,"Musculoskeletal / Ortho procedure, code 28825 (specimen)",RBRVS,130% MPFS,2025,130,17.21,32.7442,,732.59,754.57
HM-KHS-2025-0417,Highmark - Keystone Health System (Commercial PPO),C.1 Professional,Professional,Keystone Cardiology (org),CPT,28915,"Musculoskeletal / Ortho procedure, code 28915 (specimen)",RBRVS,130% MPFS,2025,130,9.23,32.7442,,392.90,404.69
HM-KHS-2025-0417,Highmark - Keystone Health System (Commercial PPO),C.1 Professional,Professional,Keystone Cardiology (org),CPT,29005,"Musculoskeletal / Ortho procedure, code 29005 (specimen)",RBRVS,130% MPFS,2025,130,13.18,32.7442,,561.04,577.87
HM-KHS-2025-0417,Highmark - Keystone Health System (Commercial PPO),C.1 Professional,Professional,Keystone Cardiology (org),CPT,29095,"Musculoskeletal / Ortho procedure, code 29095 (specimen)",RBRVS,130% MPFS,2025,130,24.33,32.7442,,1035.67,1066.74
HM-KHS-2025-0417,Highmark - Keystone Health System (Commercial PPO),C.1 Professional,Professional,Keystone Cardiology (org),CPT,29185,"Musculoskeletal / Ortho procedure, code 29185 (specimen)",RBRVS,130% MPFS,2025,130,12.15,32.7442,,517.19,532.71
HM-KHS-2025-0417,Highmark - Keystone Health System (Commercial PPO),C.1 Professional,Professional,Keystone Cardiology (org),CPT,29275,"Musculoskeletal / Ortho procedure, code 29275 (specimen)",RBRVS,130% MPFS,2025,130,23.05,32.7442,,981.18,1010.62
HM-KHS-2025-0417,Highmark - Keystone Health System (Commercial PPO),C.1 Professional,Professional,Keystone Cardiology (org),CPT,29365,"Musculoskeletal / Ortho procedure, code 29365 (specimen)",RBRVS,130% MPFS,2025,130,26.81,32.7442,,1141.23,1175.47
HM-KHS-2025-0417,Highmark - Keystone Health System (Commercial PPO),C.1 Professional,Professional,Keystone Cardiology (org),CPT,29455,"Musculoskeletal / Ortho procedure, code 29455 (specimen)",RBRVS,130% MPFS,2025,130,23.24,32.7442,,989.27,1018.95
HM-KHS-2025-0417,Highmark - Keystone Health System (Commercial PPO),C.1 Professional,Professional,Keystone Cardiology (org),CPT,29545,"Musculoskeletal / Ortho procedure, code 29545 (specimen)",RBRVS,130% MPFS,2025,130,11.76,32.7442,,500.59,515.61
HM-KHS-2025-0417,Highmark - Keystone Health System (Commercial PPO),C.1 Professional,Professional,Keystone Cardiology (org),CPT,29635,"Musculoskeletal / Ortho procedure, code 29635 (specimen)",RBRVS,130% MPFS,2025,130,27.82,32.7442,,1184.23,1219.76
HM-KHS-2025-0417,Highmark - Keystone Health System (Commercial PPO),C.1 Professional,Professional,Keystone Cardiology (org),CPT,29725,"Musculoskeletal / Ortho procedure, code 29725 (specimen)",RBRVS,130% MPFS,2025,130,4.95,32.7442,,210.71,217.03
HM-KHS-2025-0417,Highmark - Keystone Health System (Commercial PPO),C.1 Professional,Professional,Keystone Cardiology (org),CPT,29815,"Musculoskeletal / Ortho procedure, code 29815 (specimen)",RBRVS,130% MPFS,2025,130,18.05,32.7442,,768.34,791.39
HM-KHS-2025-0417,Highmark - Keystone Health System (Commercial PPO),C.1 Professional,Professional,Keystone Cardiology (org),CPT,29905,"Musculoskeletal / Ortho procedure, code 29905 (specimen)",RBRVS,130% MPFS,2025,130,25.78,32.7442,,1097.39,1130.31
HM-KHS-2025-0417,Highmark - Keystone Health System (Commercial PPO),C.1 Professional,Professional,Keystone Cardiology (org),CPT,29995,"Musculoskeletal / Ortho procedure, code 29995 (specimen)",RBRVS,130% MPFS,2025,130,17.39,32.7442,,740.25,762.46
HM-KHS-2025-0417,Highmark - Keystone Health System (Commercial PPO),C.1 Professional,Professional,Keystone General (OP),CPT,10004,"Integumentary / Surgery procedure, code 10004 (specimen)",RBRVS,130% MPFS,2025,130,6.05,32.7442,,257.53,265.26
HM-KHS-2025-0417,Highmark - Keystone Health System (Commercial PPO),C.1 Professional,Professional,Keystone General (OP),CPT,10059,"Integumentary / Surgery procedure, code 10059 (specimen)",RBRVS,130% MPFS,2025,130,14.6,32.7442,,621.48,640.12
HM-KHS-2025-0417,Highmark - Keystone Health System (Commercial PPO),C.1 Professional,Professional,Keystone General (OP),CPT,10114,"Integumentary / Surgery procedure, code 10114 (specimen)",RBRVS,130% MPFS,2025,130,15.04,32.7442,,640.21,659.42
HM-KHS-2025-0417,Highmark - Keystone Health System (Commercial PPO),C.1 Professional,Professional,Keystone General (OP),CPT,10169,"Integumentary / Surgery procedure, code 10169 (specimen)",RBRVS,130% MPFS,2025,130,21.31,32.7442,,907.11,934.32
HM-KHS-2025-0417,Highmark - Keystone Health System (Commercial PPO),C.1 Professional,Professional,Keystone General (OP),CPT,10224,"Integumentary / Surgery procedure, code 10224 (specimen)",RBRVS,130% MPFS,2025,130,17.74,32.7442,,755.15,777.80
HM-KHS-2025-0417,Highmark - Keystone Health System (Commercial PPO),C.1 Professional,Professional,Keystone General (OP),CPT,10279,"Integumentary / Surgery procedure, code 10279 (specimen)",RBRVS,130% MPFS,2025,130,12.92,32.7442,,549.97,566.47
HM-KHS-2025-0417,Highmark - Keystone Health System (Commercial PPO),C.1 Professional,Professional,Keystone General (OP),CPT,10334,"Integumentary / Surgery procedure, code 10334 (specimen)",RBRVS,130% MPFS,2025,130,3.74,32.7442,,159.20,163.98
HM-KHS-2025-0417,Highmark - Keystone Health System (Commercial PPO),C.1 Professional,Professional,Keystone General (OP),CPT,10389,"Integumentary / Surgery procedure, code 10389 (specimen)",RBRVS,130% MPFS,2025,130,15.27,32.7442,,650.01,669.51
HM-KHS-2025-0417,Highmark - Keystone Health System (Commercial PPO),C.1 Professional,Professional,Keystone General (OP),CPT,10444,"Integumentary / Surgery procedure, code 10444 (specimen)",RBRVS,130% MPFS,2025,130,21.37,32.7442,,909.67,936.96
HM-KHS-2025-0417,Highmark - Keystone Health System (Commercial PPO),C.1 Professional,Professional,Keystone General (OP),CPT,10499,"Integumentary / Surgery procedure, code 10499 (specimen)",RBRVS,130% MPFS,2025,130,4.67,32.7442,,198.79,204.75
HM-KHS-2025-0417,Highmark - Keystone Health System (Commercial PPO),C.1 Professional,Professional,Keystone General (OP),CPT,10554,"Integumentary / Surgery procedure, code 10554 (specimen)",RBRVS,130% MPFS,2025,130,7.98,32.7442,,339.69,349.88
HM-KHS-2025-0417,Highmark - Keystone Health System (Commercial PPO),C.1 Professional,Professional,Keystone General (OP),CPT,10609,"Integumentary / Surgery procedure, code 10609 (specimen)",RBRVS,130% MPFS,2025,130,3.02,32.7442,,128.55,132.41
HM-KHS-2025-0417,Highmark - Keystone Health System (Commercial PPO),C.1 Professional,Professional,Keystone General (OP),CPT,10664,"Integumentary / Surgery procedure, code 10664 (specimen)",RBRVS,130% MPFS,2025,130,10.26,32.7442,,436.74,449.84
HM-KHS-2025-0417,Highmark - Keystone Health System (Commercial PPO),C.1 Professional,Professional,Keystone General (OP),CPT,10719,"Integumentary / Surgery procedure, code 10719 (specimen)",RBRVS,130% MPFS,2025,130,4.65,32.7442,,197.94,203.88
HM-KHS-2025-0417,Highmark - Keystone Health System (Commercial PPO),C.1 Professional,Professional,Keystone General (OP),CPT,10774,"Integumentary / Surgery procedure, code 10774 (specimen)",RBRVS,130% MPFS,2025,130,3.48,32.7442,,148.13,152.57
HM-KHS-2025-0417,Highmark - Keystone Health System (Commercial PPO),C.1 Professional,Professional,Keystone General (OP),CPT,10829,"Integumentary / Surgery procedure, code 10829 (specimen)",RBRVS,130% MPFS,2025,130,8.33,32.7442,,354.59,365.23
HM-KHS-2025-0417,Highmark - Keystone Health System (Commercial PPO),C.1 Professional,Professional,Keystone General (OP),CPT,10884,"Integumentary / Surgery procedure, code 10884 (specimen)",RBRVS,130% MPFS,2025,130,1.85,32.7442,,78.75,81.11
HM-KHS-2025-0417,Highmark - Keystone Health System (Commercial PPO),C.1 Professional,Professional,Keystone General (OP),CPT,10939,"Integumentary / Surgery procedure, code 10939 (specimen)",RBRVS,130% MPFS,2025,130,15.65,32.7442,,666.18,686.17
HM-KHS-2025-0417,Highmark - Keystone Health System (Commercial PPO),C.1 Professional,Professional,Keystone General (OP),CPT,10994,"Integumentary / Surgery procedure, code 10994 (specimen)",RBRVS,130% MPFS,2025,130,1.82,32.7442,,77.47,79.79
HM-KHS-2025-0417,Highmark - Keystone Health System (Commercial PPO),C.1 Professional,Professional,Keystone General (OP),CPT,11049,"Integumentary / Surgery procedure, code 11049 (specimen)",RBRVS,130% MPFS,2025,130,9.5,32.7442,,404.39,416.52
HM-KHS-2025-0417,Highmark - Keystone Health System (Commercial PPO),C.1 Professional,Professional,Keystone General (OP),CPT,11104,"Integumentary / Surgery procedure, code 11104 (specimen)",RBRVS,130% MPFS,2025,130,4.09,32.7442,,174.10,179.32
HM-KHS-2025-0417,Highmark - Keystone Health System (Commercial PPO),C.1 Professional,Professional,Keystone General (OP),CPT,11159,"Integumentary / Surgery procedure, code 11159 (specimen)",RBRVS,130% MPFS,2025,130,7.46,32.7442,,317.55,327.08
HM-KHS-2025-0417,Highmark - Keystone Health System (Commercial PPO),C.1 Professional,Professional,Keystone General (OP),CPT,11214,"Integumentary / Surgery procedure, code 11214 (specimen)",RBRVS,130% MPFS,2025,130,14.95,32.7442,,636.38,655.47
HM-KHS-2025-0417,Highmark - Keystone Health System (Commercial PPO),C.1 Professional,Professional,Keystone General (OP),CPT,11269,"Integumentary / Surgery procedure, code 11269 (specimen)",RBRVS,130% MPFS,2025,130,13.99,32.7442,,595.52,613.39
HM-KHS-2025-0417,Highmark - Keystone Health System (Commercial PPO),C.1 Professional,Professional,Keystone General (OP),CPT,11324,"Integumentary / Surgery procedure, code 11324 (specimen)",RBRVS,130% MPFS,2025,130,7.82,32.7442,,332.88,342.87
HM-KHS-2025-0417,Highmark - Keystone Health System (Commercial PPO),C.1 Professional,Professional,Keystone General (OP),CPT,11379,"Integumentary / Surgery procedure, code 11379 (specimen)",RBRVS,130% MPFS,2025,130,21.76,32.7442,,926.27,954.06
HM-KHS-2025-0417,Highmark - Keystone Health System (Commercial PPO),C.1 Professional,Professional,Keystone General (OP),CPT,11434,"Integumentary / Surgery procedure, code 11434 (specimen)",RBRVS,130% MPFS,2025,130,6.58,32.7442,,280.09,288.49
HM-KHS-2025-0417,Highmark - Keystone Health System (Commercial PPO),C.1 Professional,Professional,Keystone General (OP),CPT,11489,"Integumentary / Surgery procedure, code 11489 (specimen)",RBRVS,130% MPFS,2025,130,17.83,32.7442,,758.98,781.75
HM-KHS-2025-0417,Highmark - Keystone Health System (Commercial PPO),C.1 Professional,Professional,Keystone General (OP),CPT,11544,"Integumentary / Surgery procedure, code 11544 (specimen)",RBRVS,130% MPFS,2025,130,1.75,32.7442,,74.49,76.72
HM-KHS-2025-0417,Highmark - Keystone Health System (Commercial PPO),C.1 Professional,Professional,Keystone General (OP),CPT,11599,"Integumentary / Surgery procedure, code 11599 (specimen)",RBRVS,130% MPFS,2025,130,13.91,32.7442,,592.11,609.87
HM-KHS-2025-0417,Highmark - Keystone Health System (Commercial PPO),C.1 Professional,Professional,Keystone General (OP),CPT,11654,"Integumentary / Surgery procedure, code 11654 (specimen)",RBRVS,130% MPFS,2025,130,11.35,32.7442,,483.14,497.63
HM-KHS-2025-0417,Highmark - Keystone Health System (Commercial PPO),C.1 Professional,Professional,Keystone General (OP),CPT,11709,"Integumentary / Surgery procedure, code 11709 (specimen)",RBRVS,130% MPFS,2025,130,7.23,32.7442,,307.76,316.99
HM-KHS-2025-0417,Highmark - Keystone Health System (Commercial PPO),C.1 Professional,Professional,Keystone General (OP),CPT,11764,"Integumentary / Surgery procedure, code 11764 (specimen)",RBRVS,130% MPFS,2025,130,7.87,32.7442,,335.01,345.06
HM-KHS-2025-0417,Highmark - Keystone Health System (Commercial PPO),C.1 Professional,Professional,Keystone General (OP),CPT,11819,"Integumentary / Surgery procedure, code 11819 (specimen)",RBRVS,130% MPFS,2025,130,10.38,32.7442,,441.85,455.11
HM-KHS-2025-0417,Highmark - Keystone Health System (Commercial PPO),C.1 Professional,Professional,Keystone General (OP),CPT,11874,"Integumentary / Surgery procedure, code 11874 (specimen)",RBRVS,130% MPFS,2025,130,7.67,32.7442,,326.49,336.28
HM-KHS-2025-0417,Highmark - Keystone Health System (Commercial PPO),C.1 Professional,Professional,Keystone General (OP),CPT,11929,"Integumentary / Surgery procedure, code 11929 (specimen)",RBRVS,130% MPFS,2025,130,7.41,32.7442,,315.42,324.88
HM-KHS-2025-0417,Highmark - Keystone Health System (Commercial PPO),C.1 Professional,Professional,Keystone General (OP),CPT,11984,"Integumentary / Surgery procedure, code 11984 (specimen)",RBRVS,130% MPFS,2025,130,5.84,32.7442,,248.59,256.05
HM-KHS-2025-0417,Highmark - Keystone Health System (Commercial PPO),C.1 Professional,Professional,Keystone General (OP),CPT,12039,"Integumentary / Surgery procedure, code 12039 (specimen)",RBRVS,130% MPFS,2025,130,10.44,32.7442,,444.40,457.73
HM-KHS-2025-0417,Highmark - Keystone Health System (Commercial PPO),C.1 Professional,Professional,Keystone General (OP),CPT,12094,"Integumentary / Surgery procedure, code 12094 (specimen)",RBRVS,130% MPFS,2025,130,16.91,32.7442,,719.82,741.41
HM-KHS-2025-0417,Highmark - Keystone Health System (Commercial PPO),C.1 Professional,Professional,Keystone General (OP),CPT,12149,"Integumentary / Surgery procedure, code 12149 (specimen)",RBRVS,130% MPFS,2025,130,15.03,32.7442,,639.79,658.98
HM-KHS-2025-0417,Highmark - Keystone Health System (Commercial PPO),C.1 Professional,Professional,Keystone General (OP),CPT,12204,"Integumentary / Surgery procedure, code 12204 (specimen)",RBRVS,130% MPFS,2025,130,21.89,32.7442,,931.80,959.75
HM-KHS-2025-0417,Highmark - Keystone Health System (Commercial PPO),C.1 Professional,Professional,Keystone General (OP),CPT,12259,"Integumentary / Surgery procedure, code 12259 (specimen)",RBRVS,130% MPFS,2025,130,21.19,32.7442,,902.00,929.06
HM-KHS-2025-0417,Highmark - Keystone Health System (Commercial PPO),C.1 Professional,Professional,Keystone General (OP),CPT,12314,"Integumentary / Surgery procedure, code 12314 (specimen)",RBRVS,130% MPFS,2025,130,11.32,32.7442,,481.86,496.32
HM-KHS-2025-0417,Highmark - Keystone Health System (Commercial PPO),C.1 Professional,Professional,Keystone General (OP),CPT,12369,"Integumentary / Surgery procedure, code 12369 (specimen)",RBRVS,130% MPFS,2025,130,3.45,32.7442,,146.86,151.27
HM-KHS-2025-0417,Highmark - Keystone Health System (Commercial PPO),C.1 Professional,Professional,Keystone General (OP),CPT,12424,"Integumentary / Surgery procedure, code 12424 (specimen)",RBRVS,130% MPFS,2025,130,10.75,32.7442,,457.60,471.33
HM-KHS-2025-0417,Highmark - Keystone Health System (Commercial PPO),C.1 Professional,Professional,Keystone General (OP),CPT,12479,"Integumentary / Surgery procedure, code 12479 (specimen)",RBRVS,130% MPFS,2025,130,15.28,32.7442,,650.43,669.94
HM-KHS-2025-0417,Highmark - Keystone Health System (Commercial PPO),C.1 Professional,Professional,Keystone General (OP),CPT,12534,"Integumentary / Surgery procedure, code 12534 (specimen)",RBRVS,130% MPFS,2025,130,12.88,32.7442,,548.27,564.72
HM-KHS-2025-0417,Highmark - Keystone Health System (Commercial PPO),C.1 Professional,Professional,Keystone General (OP),CPT,12589,"Integumentary / Surgery procedure, code 12589 (specimen)",RBRVS,130% MPFS,2025,130,21.56,32.7442,,917.75,945.28
HM-KHS-2025-0417,Highmark - Keystone Health System (Commercial PPO),C.1 Professional,Professional,Keystone General (OP),CPT,12644,"Integumentary / Surgery procedure, code 12644 (specimen)",RBRVS,130% MPFS,2025,130,21.57,32.7442,,918.18,945.73
HM-KHS-2025-0417,Highmark - Keystone Health System (Commercial PPO),C.1 Professional,Professional,Keystone General (OP),CPT,12699,"Integumentary / Surgery procedure, code 12699 (specimen)",RBRVS,130% MPFS,2025,130,17.23,32.7442,,733.44,755.44
HM-KHS-2025-0417,Highmark - Keystone Health System (Commercial PPO),C.1 Professional,Professional,Keystone General (OP),CPT,12754,"Integumentary / Surgery procedure, code 12754 (specimen)",RBRVS,130% MPFS,2025,130,12.62,32.7442,,537.20,553.32
HM-KHS-2025-0417,Highmark - Keystone Health System (Commercial PPO),C.1 Professional,Professional,Keystone General (OP),CPT,12809,"Integumentary / Surgery procedure, code 12809 (specimen)",RBRVS,130% MPFS,2025,130,16.91,32.7442,,719.82,741.41
HM-KHS-2025-0417,Highmark - Keystone Health System (Commercial PPO),C.1 Professional,Professional,Keystone General (OP),CPT,12864,"Integumentary / Surgery procedure, code 12864 (specimen)",RBRVS,130% MPFS,2025,130,18.41,32.7442,,783.67,807.18
HM-KHS-2025-0417,Highmark - Keystone Health System (Commercial PPO),C.1 Professional,Professional,Keystone General (OP),CPT,12919,"Integumentary / Surgery procedure, code 12919 (specimen)",RBRVS,130% MPFS,2025,130,3.21,32.7442,,136.64,140.74
HM-KHS-2025-0417,Highmark - Keystone Health System (Commercial PPO),C.1 Professional,Professional,Keystone General (OP),CPT,12974,"Integumentary / Surgery procedure, code 12974 (specimen)",RBRVS,130% MPFS,2025,130,7.79,32.7442,,331.60,341.55
HM-KHS-2025-0417,Highmark - Keystone Health System (Commercial PPO),C.1 Professional,Professional,Keystone General (OP),CPT,13029,"Integumentary / Surgery procedure, code 13029 (specimen)",RBRVS,130% MPFS,2025,130,14.46,32.7442,,615.53,634.00
HM-KHS-2025-0417,Highmark - Keystone Health System (Commercial PPO),C.1 Professional,Professional,Keystone General (OP),CPT,13084,"Integumentary / Surgery procedure, code 13084 (specimen)",RBRVS,130% MPFS,2025,130,12.19,32.7442,,518.90,534.47
HM-KHS-2025-0417,Highmark - Keystone Health System (Commercial PPO),C.1 Professional,Professional,Keystone General (OP),CPT,13139,"Integumentary / Surgery procedure, code 13139 (specimen)",RBRVS,130% MPFS,2025,130,14.29,32.7442,,608.29,626.54
HM-KHS-2025-0417,Highmark - Keystone Health System (Commercial PPO),C.1 Professional,Professional,Keystone General (OP),CPT,13194,"Integumentary / Surgery procedure, code 13194 (specimen)",RBRVS,130% MPFS,2025,130,13.27,32.7442,,564.87,581.82
HM-KHS-2025-0417,Highmark - Keystone Health System (Commercial PPO),C.1 Professional,Professional,Keystone General (OP),CPT,13249,"Integumentary / Surgery procedure, code 13249 (specimen)",RBRVS,130% MPFS,2025,130,9.3,32.7442,,395.88,407.76
HM-KHS-2025-0417,Highmark - Keystone Health System (Commercial PPO),C.1 Professional,Professional,Keystone General (OP),CPT,13304,"Integumentary / Surgery procedure, code 13304 (specimen)",RBRVS,130% MPFS,2025,130,13.9,32.7442,,591.69,609.44
HM-KHS-2025-0417,Highmark - Keystone Health System (Commercial PPO),C.1 Professional,Professional,Keystone General (OP),CPT,13359,"Integumentary / Surgery procedure, code 13359 (specimen)",RBRVS,130% MPFS,2025,130,19.09,32.7442,,812.61,836.99
HM-KHS-2025-0417,Highmark - Keystone Health System (Commercial PPO),C.1 Professional,Professional,Keystone General (OP),CPT,13414,"Integumentary / Surgery procedure, code 13414 (specimen)",RBRVS,130% MPFS,2025,130,4.27,32.7442,,181.76,187.21
HM-KHS-2025-0417,Highmark - Keystone Health System (Commercial PPO),C.1 Professional,Professional,Keystone General (OP),CPT,13469,"Integumentary / Surgery procedure, code 13469 (specimen)",RBRVS,130% MPFS,2025,130,10.01,32.7442,,426.10,438.88
HM-KHS-2025-0417,Highmark - Keystone Health System (Commercial PPO),C.1 Professional,Professional,Keystone General (OP),CPT,13524,"Integumentary / Surgery procedure, code 13524 (specimen)",RBRVS,130% MPFS,2025,130,13.13,32.7442,,558.91,575.68
HM-KHS-2025-0417,Highmark - Keystone Health System (Commercial PPO),C.1 Professional,Professional,Keystone General (OP),CPT,13579,"Integumentary / Surgery procedure, code 13579 (specimen)",RBRVS,130% MPFS,2025,130,9.89,32.7442,,420.99,433.62
HM-KHS-2025-0417,Highmark - Keystone Health System (Commercial PPO),C.1 Professional,Professional,Keystone General (OP),CPT,13634,"Integumentary / Surgery procedure, code 13634 (specimen)",RBRVS,130% MPFS,2025,130,21.65,32.7442,,921.59,949.24
HM-KHS-2025-0417,Highmark - Keystone Health System (Commercial PPO),C.1 Professional,Professional,Keystone General (OP),CPT,13689,"Integumentary / Surgery procedure, code 13689 (specimen)",RBRVS,130% MPFS,2025,130,9.63,32.7442,,409.92,422.22
HM-KHS-2025-0417,Highmark - Keystone Health System (Commercial PPO),C.1 Professional,Professional,Keystone General (OP),CPT,13744,"Integumentary / Surgery procedure, code 13744 (specimen)",RBRVS,130% MPFS,2025,130,11.55,32.7442,,491.65,506.40
HM-KHS-2025-0417,Highmark - Keystone Health System (Commercial PPO),C.1 Professional,Professional,Keystone General (OP),CPT,13799,"Integumentary / Surgery procedure, code 13799 (specimen)",RBRVS,130% MPFS,2025,130,14.86,32.7442,,632.55,651.53
HM-KHS-2025-0417,Highmark - Keystone Health System (Commercial PPO),C.1 Professional,Professional,Keystone General (OP),CPT,13854,"Integumentary / Surgery procedure, code 13854 (specimen)",RBRVS,130% MPFS,2025,130,19.04,32.7442,,810.48,834.79
HM-KHS-2025-0417,Highmark - Keystone Health System (Commercial PPO),C.1 Professional,Professional,Keystone General (OP),CPT,13909,"Integumentary / Surgery procedure, code 13909 (specimen)",RBRVS,130% MPFS,2025,130,7.66,32.7442,,326.07,335.85
HM-KHS-2025-0417,Highmark - Keystone Health System (Commercial PPO),C.1 Professional,Professional,Keystone General (OP),CPT,13964,"Integumentary / Surgery procedure, code 13964 (specimen)",RBRVS,130% MPFS,2025,130,3.61,32.7442,,153.67,158.28
HM-KHS-2025-0417,Highmark - Keystone Health System (Commercial PPO),C.1 Professional,Professional,Keystone General (OP),CPT,14019,"Integumentary / Surgery procedure, code 14019 (specimen)",RBRVS,130% MPFS,2025,130,5.92,32.7442,,252.00,259.56
HM-KHS-2025-0417,Highmark - Keystone Health System (Commercial PPO),C.1 Professional,Professional,Keystone General (OP),CPT,14074,"Integumentary / Surgery procedure, code 14074 (specimen)",RBRVS,130% MPFS,2025,130,8.32,32.7442,,354.16,364.78
HM-KHS-2025-0417,Highmark - Keystone Health System (Commercial PPO),C.1 Professional,Professional,Keystone General (OP),CPT,14129,"Integumentary / Surgery procedure, code 14129 (specimen)",RBRVS,130% MPFS,2025,130,17.88,32.7442,,761.11,783.94
HM-KHS-2025-0417,Highmark - Keystone Health System (Commercial PPO),C.1 Professional,Professional,Keystone General (OP),CPT,14184,"Integumentary / Surgery procedure, code 14184 (specimen)",RBRVS,130% MPFS,2025,130,16.72,32.7442,,711.73,733.08
HM-KHS-2025-0417,Highmark - Keystone Health System (Commercial PPO),C.1 Professional,Professional,Keystone General (OP),CPT,14239,"Integumentary / Surgery procedure, code 14239 (specimen)",RBRVS,130% MPFS,2025,130,21.04,32.7442,,895.62,922.49
HM-KHS-2025-0417,Highmark - Keystone Health System (Commercial PPO),C.1 Professional,Professional,Keystone General (OP),CPT,14294,"Integumentary / Surgery procedure, code 14294 (specimen)",RBRVS,130% MPFS,2025,130,6.57,32.7442,,279.67,288.06
HM-KHS-2025-0417,Highmark - Keystone Health System (Commercial PPO),C.1 Professional,Professional,Keystone General (OP),CPT,14349,"Integumentary / Surgery procedure, code 14349 (specimen)",RBRVS,130% MPFS,2025,130,10.14,32.7442,,431.63,444.58
HM-KHS-2025-0417,Highmark - Keystone Health System (Commercial PPO),C.1 Professional,Professional,Keystone General (OP),CPT,14404,"Integumentary / Surgery procedure, code 14404 (specimen)",RBRVS,130% MPFS,2025,130,10.49,32.7442,,446.53,459.93
HM-KHS-2025-0417,Highmark - Keystone Health System (Commercial PPO),C.1 Professional,Professional,Keystone General (OP),CPT,14459,"Integumentary / Surgery procedure, code 14459 (specimen)",RBRVS,130% MPFS,2025,130,9.84,32.7442,,418.86,431.43
HM-KHS-2025-0417,Highmark - Keystone Health System (Commercial PPO),C.1 Professional,Professional,Keystone General (OP),CPT,14514,"Integumentary / Surgery procedure, code 14514 (specimen)",RBRVS,130% MPFS,2025,130,7.16,32.7442,,304.78,313.92
HM-KHS-2025-0417,Highmark - Keystone Health System (Commercial PPO),C.1 Professional,Professional,Keystone General (OP),CPT,14569,"Integumentary / Surgery procedure, code 14569 (specimen)",RBRVS,130% MPFS,2025,130,12.88,32.7442,,548.27,564.72
HM-KHS-2025-0417,Highmark - Keystone Health System (Commercial PPO),C.1 Professional,Professional,Keystone General (OP),CPT,14624,"Integumentary / Surgery procedure, code 14624 (specimen)",RBRVS,130% MPFS,2025,130,6.04,32.7442,,257.11,264.82
HM-KHS-2025-0417,Highmark - Keystone Health System (Commercial PPO),C.1 Professional,Professional,Keystone General (OP),CPT,14679,"Integumentary / Surgery procedure, code 14679 (specimen)",RBRVS,130% MPFS,2025,130,12.25,32.7442,,521.45,537.09
HM-KHS-2025-0417,Highmark - Keystone Health System (Commercial PPO),C.1 Professional,Professional,Keystone General (OP),CPT,14734,"Integumentary / Surgery procedure, code 14734 (specimen)",RBRVS,130% MPFS,2025,130,8.93,32.7442,,380.13,391.53
HM-KHS-2025-0417,Highmark - Keystone Health System (Commercial PPO),C.1 Professional,Professional,Keystone General (OP),CPT,14789,"Integumentary / Surgery procedure, code 14789 (specimen)",RBRVS,130% MPFS,2025,130,13.7,32.7442,,583.17,600.67
HM-KHS-2025-0417,Highmark - Keystone Health System (Commercial PPO),C.1 Professional,Professional,Keystone General (OP),CPT,14844,"Integumentary / Surgery procedure, code 14844 (specimen)",RBRVS,130% MPFS,2025,130,12.46,32.7442,,530.39,546.30
HM-KHS-2025-0417,Highmark - Keystone Health System (Commercial PPO),C.1 Professional,Professional,Keystone General (OP),CPT,14899,"Integumentary / Surgery procedure, code 14899 (specimen)",RBRVS,130% MPFS,2025,130,14.22,32.7442,,605.31,623.47
HM-KHS-2025-0417,Highmark - Keystone Health System (Commercial PPO),C.1 Professional,Professional,Keystone General (OP),CPT,14954,"Integumentary / Surgery procedure, code 14954 (specimen)",RBRVS,130% MPFS,2025,130,13.8,32.7442,,587.43,605.05
HM-KHS-2025-0417,Highmark - Keystone Health System (Commercial PPO),C.1 Professional,Professional,Keystone General (OP),CPT,15009,"Integumentary / Surgery procedure, code 15009 (specimen)",RBRVS,130% MPFS,2025,130,3.76,32.7442,,160.05,164.85
HM-KHS-2025-0417,Highmark - Keystone Health System (Commercial PPO),C.1 Professional,Professional,Keystone General (OP),CPT,15064,"Integumentary / Surgery procedure, code 15064 (specimen)",RBRVS,130% MPFS,2025,130,18.81,32.7442,,800.69,824.71
HM-KHS-2025-0417,Highmark - Keystone Health System (Commercial PPO),C.1 Professional,Professional,Keystone General (OP),CPT,15119,"Integumentary / Surgery procedure, code 15119 (specimen)",RBRVS,130% MPFS,2025,130,13.14,32.7442,,559.34,576.12
HM-KHS-2025-0417,Highmark - Keystone Health System (Commercial PPO),C.1 Professional,Professional,Keystone General (OP),CPT,15174,"Integumentary / Surgery procedure, code 15174 (specimen)",RBRVS,130% MPFS,2025,130,19.67,32.7442,,837.30,862.42
HM-KHS-2025-0417,Highmark - Keystone Health System (Commercial PPO),C.1 Professional,Professional,Keystone General (OP),CPT,15229,"Integumentary / Surgery procedure, code 15229 (specimen)",RBRVS,130% MPFS,2025,130,20.0,32.7442,,851.35,876.89
HM-KHS-2025-0417,Highmark - Keystone Health System (Commercial PPO),C.1 Professional,Professional,Keystone General (OP),CPT,15284,"Integumentary / Surgery procedure, code 15284 (specimen)",RBRVS,130% MPFS,2025,130,10.49,32.7442,,446.53,459.93
HM-KHS-2025-0417,Highmark - Keystone Health System (Commercial PPO),C.1 Professional,Professional,Keystone General (OP),CPT,15339,"Integumentary / Surgery procedure, code 15339 (specimen)",RBRVS,130% MPFS,2025,130,8.68,32.7442,,369.49,380.57
HM-KHS-2025-0417,Highmark - Keystone Health System (Commercial PPO),C.1 Professional,Professional,Keystone General (OP),CPT,15394,"Integumentary / Surgery procedure, code 15394 (specimen)",RBRVS,130% MPFS,2025,130,8.96,32.7442,,381.40,392.84
HM-KHS-2025-0417,Highmark - Keystone Health System (Commercial PPO),C.1 Professional,Professional,Keystone General (OP),CPT,15449,"Integumentary / Surgery procedure, code 15449 (specimen)",RBRVS,130% MPFS,2025,130,5.7,32.7442,,242.63,249.91
HM-KHS-2025-0417,Highmark - Keystone Health System (Commercial PPO),C.1 Professional,Professional,Keystone General (OP),CPT,15504,"Integumentary / Surgery procedure, code 15504 (specimen)",RBRVS,130% MPFS,2025,130,15.06,32.7442,,641.07,660.30
HM-KHS-2025-0417,Highmark - Keystone Health System (Commercial PPO),C.1 Professional,Professional,Keystone General (OP),CPT,15559,"Integumentary / Surgery procedure, code 15559 (specimen)",RBRVS,130% MPFS,2025,130,19.5,32.7442,,830.07,854.97
HM-KHS-2025-0417,Highmark - Keystone Health System (Commercial PPO),C.1 Professional,Professional,Keystone General (OP),CPT,15614,"Integumentary / Surgery procedure, code 15614 (specimen)",RBRVS,130% MPFS,2025,130,8.76,32.7442,,372.89,384.08
HM-KHS-2025-0417,Highmark - Keystone Health System (Commercial PPO),C.1 Professional,Professional,Keystone General (OP),CPT,15669,"Integumentary / Surgery procedure, code 15669 (specimen)",RBRVS,130% MPFS,2025,130,21.32,32.7442,,907.54,934.77
HM-KHS-2025-0417,Highmark - Keystone Health System (Commercial PPO),C.1 Professional,Professional,Keystone General (OP),CPT,15724,"Integumentary / Surgery procedure, code 15724 (specimen)",RBRVS,130% MPFS,2025,130,4.93,32.7442,,209.86,216.16
HM-KHS-2025-0417,Highmark - Keystone Health System (Commercial PPO),C.1 Professional,Professional,Keystone General (OP),CPT,15779,"Integumentary / Surgery procedure, code 15779 (specimen)",RBRVS,130% MPFS,2025,130,5.87,32.7442,,249.87,257.37
HM-KHS-2025-0417,Highmark - Keystone Health System (Commercial PPO),C.1 Professional,Professional,Keystone General (OP),CPT,15834,"Integumentary / Surgery procedure, code 15834 (specimen)",RBRVS,130% MPFS,2025,130,13.44,32.7442,,572.11,589.27
HM-KHS-2025-0417,Highmark - Keystone Health System (Commercial PPO),C.1 Professional,Professional,Keystone General (OP),CPT,15889,"Integumentary / Surgery procedure, code 15889 (specimen)",RBRVS,130% MPFS,2025,130,9.4,32.7442,,400.13,412.13
HM-KHS-2025-0417,Highmark - Keystone Health System (Commercial PPO),C.1 Professional,Professional,Keystone General (OP),CPT,15944,"Integumentary / Surgery procedure, code 15944 (specimen)",RBRVS,130% MPFS,2025,130,1.75,32.7442,,74.49,76.72
HM-KHS-2025-0417,Highmark - Keystone Health System (Commercial PPO),C.1 Professional,Professional,Keystone General (OP),CPT,15999,"Integumentary / Surgery procedure, code 15999 (specimen)",RBRVS,130% MPFS,2025,130,6.73,32.7442,,286.48,295.07
HM-KHS-2025-0417,Highmark - Keystone Health System (Commercial PPO),C.1 Professional,Professional,Keystone General (OP),CPT,16054,"Integumentary / Surgery procedure, code 16054 (specimen)",RBRVS,130% MPFS,2025,130,20.37,32.7442,,867.10,893.11
HM-KHS-2025-0417,Highmark - Keystone Health System (Commercial PPO),C.1 Professional,Professional,Keystone General (OP),CPT,16109,"Integumentary / Surgery procedure, code 16109 (specimen)",RBRVS,130% MPFS,2025,130,15.14,32.7442,,644.47,663.80
HM-KHS-2025-0417,Highmark - Keystone Health System (Commercial PPO),C.1 Professional,Professional,Keystone General (OP),CPT,16164,"Integumentary / Surgery procedure, code 16164 (specimen)",RBRVS,130% MPFS,2025,130,19.1,32.7442,,813.04,837.43
HM-KHS-2025-0417,Highmark - Keystone Health System (Commercial PPO),C.1 Professional,Professional,Keystone General (OP),CPT,16219,"Integumentary / Surgery procedure, code 16219 (specimen)",RBRVS,130% MPFS,2025,130,17.63,32.7442,,750.46,772.97
HM-KHS-2025-0417,Highmark - Keystone Health System (Commercial PPO),C.1 Professional,Professional,Keystone General (OP),CPT,16274,"Integumentary / Surgery procedure, code 16274 (specimen)",RBRVS,130% MPFS,2025,130,7.3,32.7442,,310.74,320.06
HM-KHS-2025-0417,Highmark - Keystone Health System (Commercial PPO),C.1 Professional,Professional,Keystone General (OP),CPT,16329,"Integumentary / Surgery procedure, code 16329 (specimen)",RBRVS,130% MPFS,2025,130,19.52,32.7442,,830.92,855.85
HM-KHS-2025-0417,Highmark - Keystone Health System (Commercial PPO),C.1 Professional,Professional,Keystone General (OP),CPT,16384,"Integumentary / Surgery procedure, code 16384 (specimen)",RBRVS,130% MPFS,2025,130,8.29,32.7442,,352.88,363.47
HM-KHS-2025-0417,Highmark - Keystone Health System (Commercial PPO),C.1 Professional,Professional,Keystone General (OP),CPT,16439,"Integumentary / Surgery procedure, code 16439 (specimen)",RBRVS,130% MPFS,2025,130,2.03,32.7442,,86.41,89.00
HM-KHS-2025-0417,Highmark - Keystone Health System (Commercial PPO),C.1 Professional,Professional,Keystone General (OP),CPT,16494,"Integumentary / Surgery procedure, code 16494 (specimen)",RBRVS,130% MPFS,2025,130,4.57,32.7442,,194.53,200.37
HM-KHS-2025-0417,Highmark - Keystone Health System (Commercial PPO),C.1 Professional,Professional,Keystone General (OP),CPT,16549,"Integumentary / Surgery procedure, code 16549 (specimen)",RBRVS,130% MPFS,2025,130,15.01,32.7442,,638.94,658.11
HM-KHS-2025-0417,Highmark - Keystone Health System (Commercial PPO),C.1 Professional,Professional,Keystone General (OP),CPT,16604,"Integumentary / Surgery procedure, code 16604 (specimen)",RBRVS,130% MPFS,2025,130,6.94,32.7442,,295.42,304.28
HM-KHS-2025-0417,Highmark - Keystone Health System (Commercial PPO),C.1 Professional,Professional,Keystone General (OP),CPT,16659,"Integumentary / Surgery procedure, code 16659 (specimen)",RBRVS,130% MPFS,2025,130,9.91,32.7442,,421.84,434.50
HM-KHS-2025-0417,Highmark - Keystone Health System (Commercial PPO),C.1 Professional,Professional,Keystone General (OP),CPT,16714,"Integumentary / Surgery procedure, code 16714 (specimen)",RBRVS,130% MPFS,2025,130,7.59,32.7442,,323.09,332.78
HM-KHS-2025-0417,Highmark - Keystone Health System (Commercial PPO),C.1 Professional,Professional,Keystone General (OP),CPT,16769,"Integumentary / Surgery procedure, code 16769 (specimen)",RBRVS,130% MPFS,2025,130,4.04,32.7442,,171.97,177.13
HM-KHS-2025-0417,Highmark - Keystone Health System (Commercial PPO),C.1 Professional,Professional,Keystone General (OP),CPT,16824,"Integumentary / Surgery procedure, code 16824 (specimen)",RBRVS,130% MPFS,2025,130,11.67,32.7442,,496.76,511.66
HM-KHS-2025-0417,Highmark - Keystone Health System (Commercial PPO),C.1 Professional,Professional,Keystone General (OP),CPT,16879,"Integumentary / Surgery procedure, code 16879 (specimen)",RBRVS,130% MPFS,2025,130,16.05,32.7442,,683.21,703.71
HM-KHS-2025-0417,Highmark - Keystone Health System (Commercial PPO),C.1 Professional,Professional,Keystone General (OP),CPT,16934,"Integumentary / Surgery procedure, code 16934 (specimen)",RBRVS,130% MPFS,2025,130,8.07,32.7442,,343.52,353.83
HM-KHS-2025-0417,Highmark - Keystone Health System (Commercial PPO),C.1 Professional,Professional,Keystone General (OP),CPT,16989,"Integumentary / Surgery procedure, code 16989 (specimen)",RBRVS,130% MPFS,2025,130,13.29,32.7442,,565.72,582.69
HM-KHS-2025-0417,Highmark - Keystone Health System (Commercial PPO),C.1 Professional,Professional,Keystone General (OP),CPT,17044,"Integumentary / Surgery procedure, code 17044 (specimen)",RBRVS,130% MPFS,2025,130,4.1,32.7442,,174.53,179.77
HM-KHS-2025-0417,Highmark - Keystone Health System (Commercial PPO),C.1 Professional,Professional,Keystone General (OP),CPT,17099,"Integumentary / Surgery procedure, code 17099 (specimen)",RBRVS,130% MPFS,2025,130,12.72,32.7442,,541.46,557.70
HM-KHS-2025-0417,Highmark - Keystone Health System (Commercial PPO),C.1 Professional,Professional,Keystone General (OP),CPT,17154,"Integumentary / Surgery procedure, code 17154 (specimen)",RBRVS,130% MPFS,2025,130,8.05,32.7442,,342.67,352.95
HM-KHS-2025-0417,Highmark - Keystone Health System (Commercial PPO),C.1 Professional,Professional,Keystone General (OP),CPT,17209,"Integumentary / Surgery procedure, code 17209 (specimen)",RBRVS,130% MPFS,2025,130,10.85,32.7442,,461.86,475.72
HM-KHS-2025-0417,Highmark - Keystone Health System (Commercial PPO),C.1 Professional,Professional,Keystone General (OP),CPT,17264,"Integumentary / Surgery procedure, code 17264 (specimen)",RBRVS,130% MPFS,2025,130,12.49,32.7442,,531.67,547.62
HM-KHS-2025-0417,Highmark - Keystone Health System (Commercial PPO),C.1 Professional,Professional,Keystone General (OP),CPT,17319,"Integumentary / Surgery procedure, code 17319 (specimen)",RBRVS,130% MPFS,2025,130,11.45,32.7442,,487.40,502.02
HM-KHS-2025-0417,Highmark - Keystone Health System (Commercial PPO),C.1 Professional,Professional,Keystone General (OP),CPT,17374,"Integumentary / Surgery procedure, code 17374 (specimen)",RBRVS,130% MPFS,2025,130,3.03,32.7442,,128.98,132.85
HM-KHS-2025-0417,Highmark - Keystone Health System (Commercial PPO),C.1 Professional,Professional,Keystone General (OP),CPT,17429,"Integumentary / Surgery procedure, code 17429 (specimen)",RBRVS,130% MPFS,2025,130,5.87,32.7442,,249.87,257.37
HM-KHS-2025-0417,Highmark - Keystone Health System (Commercial PPO),C.1 Professional,Professional,Keystone General (OP),CPT,17484,"Integumentary / Surgery procedure, code 17484 (specimen)",RBRVS,130% MPFS,2025,130,8.25,32.7442,,351.18,361.72
HM-KHS-2025-0417,Highmark - Keystone Health System (Commercial PPO),C.1 Professional,Professional,Keystone General (OP),CPT,17539,"Integumentary / Surgery procedure, code 17539 (specimen)",RBRVS,130% MPFS,2025,130,19.41,32.7442,,826.23,851.02
HM-KHS-2025-0417,Highmark - Keystone Health System (Commercial PPO),C.1 Professional,Professional,Keystone General (OP),CPT,17594,"Integumentary / Surgery procedure, code 17594 (specimen)",RBRVS,130% MPFS,2025,130,18.05,32.7442,,768.34,791.39
HM-KHS-2025-0417,Highmark - Keystone Health System (Commercial PPO),C.1 Professional,Professional,Keystone General (OP),CPT,17649,"Integumentary / Surgery procedure, code 17649 (specimen)",RBRVS,130% MPFS,2025,130,1.61,32.7442,,68.53,70.59
HM-KHS-2025-0417,Highmark - Keystone Health System (Commercial PPO),C.1 Professional,Professional,Keystone General (OP),CPT,17704,"Integumentary / Surgery procedure, code 17704 (specimen)",RBRVS,130% MPFS,2025,130,19.38,32.7442,,824.96,849.71
HM-KHS-2025-0417,Highmark - Keystone Health System (Commercial PPO),C.1 Professional,Professional,Keystone General (OP),CPT,17759,"Integumentary / Surgery procedure, code 17759 (specimen)",RBRVS,130% MPFS,2025,130,18.21,32.7442,,775.15,798.40
HM-KHS-2025-0417,Highmark - Keystone Health System (Commercial PPO),C.1 Professional,Professional,Keystone General (OP),CPT,17814,"Integumentary / Surgery procedure, code 17814 (specimen)",RBRVS,130% MPFS,2025,130,13.05,32.7442,,555.51,572.18
HM-KHS-2025-0417,Highmark - Keystone Health System (Commercial PPO),C.1 Professional,Professional,Keystone General (OP),CPT,17869,"Integumentary / Surgery procedure, code 17869 (specimen)",RBRVS,130% MPFS,2025,130,15.66,32.7442,,666.61,686.61
HM-KHS-2025-0417,Highmark - Keystone Health System (Commercial PPO),C.1 Professional,Professional,Keystone General (OP),CPT,17924,"Integumentary / Surgery procedure, code 17924 (specimen)",RBRVS,130% MPFS,2025,130,12.48,32.7442,,531.24,547.18
HM-KHS-2025-0417,Highmark - Keystone Health System (Commercial PPO),C.1 Professional,Professional,Keystone General (OP),CPT,17979,"Integumentary / Surgery procedure, code 17979 (specimen)",RBRVS,130% MPFS,2025,130,7.44,32.7442,,316.70,326.20
HM-KHS-2025-0417,Highmark - Keystone Health System (Commercial PPO),C.1 Professional,Professional,Keystone General (OP),CPT,18034,"Integumentary / Surgery procedure, code 18034 (specimen)",RBRVS,130% MPFS,2025,130,10.69,32.7442,,455.05,468.70
HM-KHS-2025-0417,Highmark - Keystone Health System (Commercial PPO),C.1 Professional,Professional,Keystone General (OP),CPT,18089,"Integumentary / Surgery procedure, code 18089 (specimen)",RBRVS,130% MPFS,2025,130,18.75,32.7442,,798.14,822.08
HM-KHS-2025-0417,Highmark - Keystone Health System (Commercial PPO),C.1 Professional,Professional,Keystone General (OP),CPT,18144,"Integumentary / Surgery procedure, code 18144 (specimen)",RBRVS,130% MPFS,2025,130,3.51,32.7442,,149.41,153.89
HM-KHS-2025-0417,Highmark - Keystone Health System (Commercial PPO),C.1 Professional,Professional,Keystone General (OP),CPT,18199,"Integumentary / Surgery procedure, code 18199 (specimen)",RBRVS,130% MPFS,2025,130,14.0,32.7442,,595.94,613.82
HM-KHS-2025-0417,Highmark - Keystone Health System (Commercial PPO),C.1 Professional,Professional,Keystone General (OP),CPT,18254,"Integumentary / Surgery procedure, code 18254 (specimen)",RBRVS,130% MPFS,2025,130,17.99,32.7442,,765.79,788.76
HM-KHS-2025-0417,Highmark - Keystone Health System (Commercial PPO),C.1 Professional,Professional,Keystone General (OP),CPT,18309,"Integumentary / Surgery procedure, code 18309 (specimen)",RBRVS,130% MPFS,2025,130,5.96,32.7442,,253.70,261.31
HM-KHS-2025-0417,Highmark - Keystone Health System (Commercial PPO),C.1 Professional,Professional,Keystone General (OP),CPT,18364,"Integumentary / Surgery procedure, code 18364 (specimen)",RBRVS,130% MPFS,2025,130,8.47,32.7442,,360.55,371.37
HM-KHS-2025-0417,Highmark - Keystone Health System (Commercial PPO),C.1 Professional,Professional,Keystone General (OP),CPT,18419,"Integumentary / Surgery procedure, code 18419 (specimen)",RBRVS,130% MPFS,2025,130,10.1,32.7442,,429.93,442.83
HM-KHS-2025-0417,Highmark - Keystone Health System (Commercial PPO),C.1 Professional,Professional,Keystone General (OP),CPT,18474,"Integumentary / Surgery procedure, code 18474 (specimen)",RBRVS,130% MPFS,2025,130,13.24,32.7442,,563.59,580.50
HM-KHS-2025-0417,Highmark - Keystone Health System (Commercial PPO),C.1 Professional,Professional,Keystone General (OP),CPT,18529,"Integumentary / Surgery procedure, code 18529 (specimen)",RBRVS,130% MPFS,2025,130,8.61,32.7442,,366.51,377.51
HM-KHS-2025-0417,Highmark - Keystone Health System (Commercial PPO),C.1 Professional,Professional,Keystone General (OP),CPT,18584,"Integumentary / Surgery procedure, code 18584 (specimen)",RBRVS,130% MPFS,2025,130,15.3,32.7442,,651.28,670.82
HM-KHS-2025-0417,Highmark - Keystone Health System (Commercial PPO),C.1 Professional,Professional,Keystone General (OP),CPT,18639,"Integumentary / Surgery procedure, code 18639 (specimen)",RBRVS,130% MPFS,2025,130,14.59,32.7442,,621.06,639.69
HM-KHS-2025-0417,Highmark - Keystone Health System (Commercial PPO),C.1 Professional,Professional,Keystone General (OP),CPT,18694,"Integumentary / Surgery procedure, code 18694 (specimen)",RBRVS,130% MPFS,2025,130,14.37,32.7442,,611.69,630.04
HM-KHS-2025-0417,Highmark - Keystone Health System (Commercial PPO),C.1 Professional,Professional,Keystone General (OP),CPT,18749,"Integumentary / Surgery procedure, code 18749 (specimen)",RBRVS,130% MPFS,2025,130,10.91,32.7442,,464.41,478.34
HM-KHS-2025-0417,Highmark - Keystone Health System (Commercial PPO),C.1 Professional,Professional,Keystone General (OP),CPT,18804,"Integumentary / Surgery procedure, code 18804 (specimen)",RBRVS,130% MPFS,2025,130,4.51,32.7442,,191.98,197.74
HM-KHS-2025-0417,Highmark - Keystone Health System (Commercial PPO),C.1 Professional,Professional,Keystone General (OP),CPT,18859,"Integumentary / Surgery procedure, code 18859 (specimen)",RBRVS,130% MPFS,2025,130,8.5,32.7442,,361.82,372.67
HM-KHS-2025-0417,Highmark - Keystone Health System (Commercial PPO),C.1 Professional,Professional,Keystone General (OP),CPT,18914,"Integumentary / Surgery procedure, code 18914 (specimen)",RBRVS,130% MPFS,2025,130,4.11,32.7442,,174.95,180.20
HM-KHS-2025-0417,Highmark - Keystone Health System (Commercial PPO),C.1 Professional,Professional,Keystone General (OP),CPT,18969,"Integumentary / Surgery procedure, code 18969 (specimen)",RBRVS,130% MPFS,2025,130,3.85,32.7442,,163.88,168.80
HM-KHS-2025-0417,Highmark - Keystone Health System (Commercial PPO),C.1 Professional,Professional,Keystone General (OP),CPT,19024,"Integumentary / Surgery procedure, code 19024 (specimen)",RBRVS,130% MPFS,2025,130,14.27,32.7442,,607.44,625.66
HM-KHS-2025-0417,Highmark - Keystone Health System (Commercial PPO),C.1 Professional,Professional,Keystone General (OP),CPT,19079,"Integumentary / Surgery procedure, code 19079 (specimen)",RBRVS,130% MPFS,2025,130,9.0,32.7442,,383.11,394.60
HM-KHS-2025-0417,Highmark - Keystone Health System (Commercial PPO),C.1 Professional,Professional,Keystone General (OP),CPT,19134,"Integumentary / Surgery procedure, code 19134 (specimen)",RBRVS,130% MPFS,2025,130,13.23,32.7442,,563.17,580.07
HM-KHS-2025-0417,Highmark - Keystone Health System (Commercial PPO),C.1 Professional,Professional,Keystone General (OP),CPT,19189,"Integumentary / Surgery procedure, code 19189 (specimen)",RBRVS,130% MPFS,2025,130,20.69,32.7442,,880.72,907.14
HM-KHS-2025-0417,Highmark - Keystone Health System (Commercial PPO),C.1 Professional,Professional,Keystone General (OP),CPT,19244,"Integumentary / Surgery procedure, code 19244 (specimen)",RBRVS,130% MPFS,2025,130,9.22,32.7442,,392.47,404.24
HM-KHS-2025-0417,Highmark - Keystone Health System (Commercial PPO),C.1 Professional,Professional,Keystone General (OP),CPT,19299,"Integumentary / Surgery procedure, code 19299 (specimen)",RBRVS,130% MPFS,2025,130,12.91,32.7442,,549.55,566.04
HM-KHS-2025-0417,Highmark - Keystone Health System (Commercial PPO),C.1 Professional,Professional,Keystone General (OP),CPT,19354,"Integumentary / Surgery procedure, code 19354 (specimen)",RBRVS,130% MPFS,2025,130,11.81,32.7442,,502.72,517.80
HM-KHS-2025-0417,Highmark - Keystone Health System (Commercial PPO),C.1 Professional,Professional,Keystone General (OP),CPT,19409,"Integumentary / Surgery procedure, code 19409 (specimen)",RBRVS,130% MPFS,2025,130,16.75,32.7442,,713.00,734.39
HM-KHS-2025-0417,Highmark - Keystone Health System (Commercial PPO),C.1 Professional,Professional,Keystone General (OP),CPT,19464,"Integumentary / Surgery procedure, code 19464 (specimen)",RBRVS,130% MPFS,2025,130,19.07,32.7442,,811.76,836.11
HM-KHS-2025-0417,Highmark - Keystone Health System (Commercial PPO),C.1 Professional,Professional,Keystone General (OP),CPT,43020,"Digestive / GI procedure, code 43020 (specimen)",RBRVS,130% MPFS,2025,130,7.05,32.7442,,300.10,309.10
HM-KHS-2025-0417,Highmark - Keystone Health System (Commercial PPO),C.1 Professional,Professional,Keystone General (OP),CPT,43060,"Digestive / GI procedure, code 43060 (specimen)",RBRVS,130% MPFS,2025,130,12.46,32.7442,,530.39,546.30
HM-KHS-2025-0417,Highmark - Keystone Health System (Commercial PPO),C.1 Professional,Professional,Keystone General (OP),CPT,43100,"Digestive / GI procedure, code 43100 (specimen)",RBRVS,130% MPFS,2025,130,8.36,32.7442,,355.86,366.54
HM-KHS-2025-0417,Highmark - Keystone Health System (Commercial PPO),C.1 Professional,Professional,Keystone General (OP),CPT,43140,"Digestive / GI procedure, code 43140 (specimen)",RBRVS,130% MPFS,2025,130,16.65,32.7442,,708.75,730.01
HM-KHS-2025-0417,Highmark - Keystone Health System (Commercial PPO),C.1 Professional,Professional,Keystone General (OP),CPT,43180,"Digestive / GI procedure, code 43180 (specimen)",RBRVS,130% MPFS,2025,130,8.11,32.7442,,345.22,355.58
HM-KHS-2025-0417,Highmark - Keystone Health System (Commercial PPO),C.1 Professional,Professional,Keystone General (OP),CPT,43220,"Digestive / GI procedure, code 43220 (specimen)",RBRVS,130% MPFS,2025,130,21.58,32.7442,,918.61,946.17
HM-KHS-2025-0417,Highmark - Keystone Health System (Commercial PPO),C.1 Professional,Professional,Keystone General (OP),CPT,43260,"Digestive / GI procedure, code 43260 (specimen)",RBRVS,130% MPFS,2025,130,20.32,32.7442,,864.97,890.92
HM-KHS-2025-0417,Highmark - Keystone Health System (Commercial PPO),C.1 Professional,Professional,Keystone General (OP),CPT,43300,"Digestive / GI procedure, code 43300 (specimen)",RBRVS,130% MPFS,2025,130,8.66,32.7442,,368.63,379.69
HM-KHS-2025-0417,Highmark - Keystone Health System (Commercial PPO),C.1 Professional,Professional,Keystone General (OP),CPT,43340,"Digestive / GI procedure, code 43340 (specimen)",RBRVS,130% MPFS,2025,130,18.17,32.7442,,773.45,796.65
HM-KHS-2025-0417,Highmark - Keystone Health System (Commercial PPO),C.1 Professional,Professional,Keystone General (OP),CPT,43380,"Digestive / GI procedure, code 43380 (specimen)",RBRVS,130% MPFS,2025,130,21.2,32.7442,,902.43,929.50
HM-KHS-2025-0417,Highmark - Keystone Health System (Commercial PPO),C.1 Professional,Professional,Keystone General (OP),CPT,43420,"Digestive / GI procedure, code 43420 (specimen)",RBRVS,130% MPFS,2025,130,14.43,32.7442,,614.25,632.68
HM-KHS-2025-0417,Highmark - Keystone Health System (Commercial PPO),C.1 Professional,Professional,Keystone General (OP),CPT,43460,"Digestive / GI procedure, code 43460 (specimen)",RBRVS,130% MPFS,2025,130,12.11,32.7442,,515.49,530.95
HM-KHS-2025-0417,Highmark - Keystone Health System (Commercial PPO),C.1 Professional,Professional,Keystone General (OP),CPT,43500,"Digestive / GI procedure, code 43500 (specimen)",RBRVS,130% MPFS,2025,130,7.55,32.7442,,321.38,331.02
HM-KHS-2025-0417,Highmark - Keystone Health System (Commercial PPO),C.1 Professional,Professional,Keystone General (OP),CPT,43540,"Digestive / GI procedure, code 43540 (specimen)",RBRVS,130% MPFS,2025,130,22.02,32.7442,,937.34,965.46
HM-KHS-2025-0417,Highmark - Keystone Health System (Commercial PPO),C.1 Professional,Professional,Keystone General (OP),CPT,43580,"Digestive / GI procedure, code 43580 (specimen)",RBRVS,130% MPFS,2025,130,7.62,32.7442,,324.36,334.09
HM-KHS-2025-0417,Highmark - Keystone Health System (Commercial PPO),C.1 Professional,Professional,Keystone General (OP),CPT,43620,"Digestive / GI procedure, code 43620 (specimen)",RBRVS,130% MPFS,2025,130,8.46,32.7442,,360.12,370.92
HM-KHS-2025-0417,Highmark - Keystone Health System (Commercial PPO),C.1 Professional,Professional,Keystone General (OP),CPT,43660,"Digestive / GI procedure, code 43660 (specimen)",RBRVS,130% MPFS,2025,130,6.85,32.7442,,291.59,300.34
HM-KHS-2025-0417,Highmark - Keystone Health System (Commercial PPO),C.1 Professional,Professional,Keystone General (OP),CPT,43700,"Digestive / GI procedure, code 43700 (specimen)",RBRVS,130% MPFS,2025,130,5.28,32.7442,,224.76,231.50
HM-KHS-2025-0417,Highmark - Keystone Health System (Commercial PPO),C.1 Professional,Professional,Keystone General (OP),CPT,43740,"Digestive / GI procedure, code 43740 (specimen)",RBRVS,130% MPFS,2025,130,20.2,32.7442,,859.86,885.66
HM-KHS-2025-0417,Highmark - Keystone Health System (Commercial PPO),C.1 Professional,Professional,Keystone General (OP),CPT,43780,"Digestive / GI procedure, code 43780 (specimen)",RBRVS,130% MPFS,2025,130,4.47,32.7442,,190.28,195.99
HM-KHS-2025-0417,Highmark - Keystone Health System (Commercial PPO),C.1 Professional,Professional,Keystone General (OP),CPT,43820,"Digestive / GI procedure, code 43820 (specimen)",RBRVS,130% MPFS,2025,130,15.37,32.7442,,654.26,673.89
HM-KHS-2025-0417,Highmark - Keystone Health System (Commercial PPO),C.1 Professional,Professional,Keystone General (OP),CPT,43860,"Digestive / GI procedure, code 43860 (specimen)",RBRVS,130% MPFS,2025,130,12.07,32.7442,,513.79,529.20
HM-KHS-2025-0417,Highmark - Keystone Health System (Commercial PPO),C.1 Professional,Professional,Keystone General (OP),CPT,43900,"Digestive / GI procedure, code 43900 (specimen)",RBRVS,130% MPFS,2025,130,20.52,32.7442,,873.48,899.68
HM-KHS-2025-0417,Highmark - Keystone Health System (Commercial PPO),C.1 Professional,Professional,Keystone General (OP),CPT,43940,"Digestive / GI procedure, code 43940 (specimen)",RBRVS,130% MPFS,2025,130,14.41,32.7442,,613.40,631.80
HM-KHS-2025-0417,Highmark - Keystone Health System (Commercial PPO),C.1 Professional,Professional,Keystone General (OP),CPT,43980,"Digestive / GI procedure, code 43980 (specimen)",RBRVS,130% MPFS,2025,130,7.26,32.7442,,309.04,318.31
HM-KHS-2025-0417,Highmark - Keystone Health System (Commercial PPO),C.1 Professional,Professional,Keystone General (OP),CPT,44020,"Digestive / GI procedure, code 44020 (specimen)",RBRVS,130% MPFS,2025,130,4.45,32.7442,,189.43,195.11
HM-KHS-2025-0417,Highmark - Keystone Health System (Commercial PPO),C.1 Professional,Professional,Keystone General (OP),CPT,44060,"Digestive / GI procedure, code 44060 (specimen)",RBRVS,130% MPFS,2025,130,15.52,32.7442,,660.65,680.47
HM-KHS-2025-0417,Highmark - Keystone Health System (Commercial PPO),C.1 Professional,Professional,Keystone General (OP),CPT,44100,"Digestive / GI procedure, code 44100 (specimen)",RBRVS,130% MPFS,2025,130,25.25,32.7442,,1074.83,1107.07
HM-KHS-2025-0417,Highmark - Keystone Health System (Commercial PPO),C.1 Professional,Professional,Keystone General (OP),CPT,44140,"Digestive / GI procedure, code 44140 (specimen)",RBRVS,130% MPFS,2025,130,15.02,32.7442,,639.36,658.54
HM-KHS-2025-0417,Highmark - Keystone Health System (Commercial PPO),C.1 Professional,Professional,Keystone General (OP),CPT,44180,"Digestive / GI procedure, code 44180 (specimen)",RBRVS,130% MPFS,2025,130,24.91,32.7442,,1060.36,1092.17
HM-KHS-2025-0417,Highmark - Keystone Health System (Commercial PPO),C.1 Professional,Professional,Keystone General (OP),CPT,44220,"Digestive / GI procedure, code 44220 (specimen)",RBRVS,130% MPFS,2025,130,21.12,32.7442,,899.02,925.99
HM-KHS-2025-0417,Highmark - Keystone Health System (Commercial PPO),C.1 Professional,Professional,Keystone General (OP),CPT,44260,"Digestive / GI procedure, code 44260 (specimen)",RBRVS,130% MPFS,2025,130,19.94,32.7442,,848.80,874.26
HM-KHS-2025-0417,Highmark - Keystone Health System (Commercial PPO),C.1 Professional,Professional,Keystone General (OP),CPT,44300,"Digestive / GI procedure, code 44300 (specimen)",RBRVS,130% MPFS,2025,130,10.37,32.7442,,441.42,454.66
HM-KHS-2025-0417,Highmark - Keystone Health System (Commercial PPO),C.1 Professional,Professional,Keystone General (OP),CPT,44340,"Digestive / GI procedure, code 44340 (specimen)",RBRVS,130% MPFS,2025,130,7.38,32.7442,,314.15,323.57
HM-KHS-2025-0417,Highmark - Keystone Health System (Commercial PPO),C.1 Professional,Professional,Keystone General (OP),CPT,44380,"Digestive / GI procedure, code 44380 (specimen)",RBRVS,130% MPFS,2025,130,17.92,32.7442,,762.81,785.69
HM-KHS-2025-0417,Highmark - Keystone Health System (Commercial PPO),C.1 Professional,Professional,Keystone General (OP),CPT,44420,"Digestive / GI procedure, code 44420 (specimen)",RBRVS,130% MPFS,2025,130,15.85,32.7442,,674.69,694.93
HM-KHS-2025-0417,Highmark - Keystone Health System (Commercial PPO),C.1 Professional,Professional,Keystone General (OP),CPT,44460,"Digestive / GI procedure, code 44460 (specimen)",RBRVS,130% MPFS,2025,130,6.04,32.7442,,257.11,264.82
HM-KHS-2025-0417,Highmark - Keystone Health System (Commercial PPO),C.1 Professional,Professional,Keystone General (OP),CPT,44500,"Digestive / GI procedure, code 44500 (specimen)",RBRVS,130% MPFS,2025,130,24.02,32.7442,,1022.47,1053.14
HM-KHS-2025-0417,Highmark - Keystone Health System (Commercial PPO),C.1 Professional,Professional,Keystone General (OP),CPT,44540,"Digestive / GI procedure, code 44540 (specimen)",RBRVS,130% MPFS,2025,130,13.3,32.7442,,566.15,583.13
HM-KHS-2025-0417,Highmark - Keystone Health System (Commercial PPO),C.1 Professional,Professional,Keystone General (OP),CPT,44580,"Digestive / GI procedure, code 44580 (specimen)",RBRVS,130% MPFS,2025,130,4.81,32.7442,,204.75,210.89
HM-KHS-2025-0417,Highmark - Keystone Health System (Commercial PPO),C.1 Professional,Professional,Keystone General (OP),CPT,44620,"Digestive / GI procedure, code 44620 (specimen)",RBRVS,130% MPFS,2025,130,23.38,32.7442,,995.23,1025.09
HM-KHS-2025-0417,Highmark - Keystone Health System (Commercial PPO),C.1 Professional,Professional,Keystone General (OP),CPT,44660,"Digestive / GI procedure, code 44660 (specimen)",RBRVS,130% MPFS,2025,130,23.78,32.7442,,1012.25,1042.62
HM-KHS-2025-0417,Highmark - Keystone Health System (Commercial PPO),C.1 Professional,Professional,Keystone General (OP),CPT,44700,"Digestive / GI procedure, code 44700 (specimen)",RBRVS,130% MPFS,2025,130,20.87,32.7442,,888.38,915.03
HM-KHS-2025-0417,Highmark - Keystone Health System (Commercial PPO),C.1 Professional,Professional,Keystone General (OP),CPT,44740,"Digestive / GI procedure, code 44740 (specimen)",RBRVS,130% MPFS,2025,130,25.78,32.7442,,1097.39,1130.31
HM-KHS-2025-0417,Highmark - Keystone Health System (Commercial PPO),C.1 Professional,Professional,Keystone General (OP),CPT,44780,"Digestive / GI procedure, code 44780 (specimen)",RBRVS,130% MPFS,2025,130,20.65,32.7442,,879.02,905.39
HM-KHS-2025-0417,Highmark - Keystone Health System (Commercial PPO),C.1 Professional,Professional,Keystone General (OP),CPT,44820,"Digestive / GI procedure, code 44820 (specimen)",RBRVS,130% MPFS,2025,130,18.22,32.7442,,775.58,798.85
HM-KHS-2025-0417,Highmark - Keystone Health System (Commercial PPO),C.1 Professional,Professional,Keystone General (OP),CPT,44860,"Digestive / GI procedure, code 44860 (specimen)",RBRVS,130% MPFS,2025,130,20.61,32.7442,,877.32,903.64
HM-KHS-2025-0417,Highmark - Keystone Health System (Commercial PPO),C.1 Professional,Professional,Keystone General (OP),CPT,44900,"Digestive / GI procedure, code 44900 (specimen)",RBRVS,130% MPFS,2025,130,11.24,32.7442,,478.46,492.81
HM-KHS-2025-0417,Highmark - Keystone Health System (Commercial PPO),C.1 Professional,Professional,Keystone General (OP),CPT,44940,"Digestive / GI procedure, code 44940 (specimen)",RBRVS,130% MPFS,2025,130,17.49,32.7442,,744.50,766.84
HM-KHS-2025-0417,Highmark - Keystone Health System (Commercial PPO),C.1 Professional,Professional,Keystone General (OP),CPT,44980,"Digestive / GI procedure, code 44980 (specimen)",RBRVS,130% MPFS,2025,130,3.66,32.7442,,155.80,160.47
HM-KHS-2025-0417,Highmark - Keystone Health System (Commercial PPO),C.1 Professional,Professional,Keystone General (OP),CPT,45020,"Digestive / GI procedure, code 45020 (specimen)",RBRVS,130% MPFS,2025,130,25.82,32.7442,,1099.09,1132.06
HM-KHS-2025-0417,Highmark - Keystone Health System (Commercial PPO),C.1 Professional,Professional,Keystone General (OP),CPT,45060,"Digestive / GI procedure, code 45060 (specimen)",RBRVS,130% MPFS,2025,130,14.52,32.7442,,618.08,636.62
HM-KHS-2025-0417,Highmark - Keystone Health System (Commercial PPO),C.1 Professional,Professional,Keystone General (OP),CPT,45100,"Digestive / GI procedure, code 45100 (specimen)",RBRVS,130% MPFS,2025,130,7.23,32.7442,,307.76,316.99
HM-KHS-2025-0417,Highmark - Keystone Health System (Commercial PPO),C.1 Professional,Professional,Keystone General (OP),CPT,45140,"Digestive / GI procedure, code 45140 (specimen)",RBRVS,130% MPFS,2025,130,7.08,32.7442,,301.38,310.42
HM-KHS-2025-0417,Highmark - Keystone Health System (Commercial PPO),C.1 Professional,Professional,Keystone General (OP),CPT,45180,"Digestive / GI procedure, code 45180 (specimen)",RBRVS,130% MPFS,2025,130,9.43,32.7442,,401.41,413.45
HM-KHS-2025-0417,Highmark - Keystone Health System (Commercial PPO),C.1 Professional,Professional,Keystone General (OP),CPT,45220,"Digestive / GI procedure, code 45220 (specimen)",RBRVS,130% MPFS,2025,130,11.75,32.7442,,500.17,515.18
HM-KHS-2025-0417,Highmark - Keystone Health System (Commercial PPO),C.1 Professional,Professional,Keystone General (OP),CPT,45260,"Digestive / GI procedure, code 45260 (specimen)",RBRVS,130% MPFS,2025,130,6.06,32.7442,,257.96,265.70
HM-KHS-2025-0417,Highmark - Keystone Health System (Commercial PPO),C.1 Professional,Professional,Keystone General (OP),CPT,45300,"Digestive / GI procedure, code 45300 (specimen)",RBRVS,130% MPFS,2025,130,22.36,32.7442,,951.81,980.36
HM-KHS-2025-0417,Highmark - Keystone Health System (Commercial PPO),C.1 Professional,Professional,Keystone General (OP),CPT,45340,"Digestive / GI procedure, code 45340 (specimen)",RBRVS,130% MPFS,2025,130,11.45,32.7442,,487.40,502.02
HM-KHS-2025-0417,Highmark - Keystone Health System (Commercial PPO),C.1 Professional,Professional,Keystone General (OP),CPT,45380,"Digestive / GI procedure, code 45380 (specimen)",RBRVS,130% MPFS,2025,130,12.63,32.7442,,537.63,553.76
HM-KHS-2025-0417,Highmark - Keystone Health System (Commercial PPO),C.1 Professional,Professional,Keystone General (OP),CPT,45420,"Digestive / GI procedure, code 45420 (specimen)",RBRVS,130% MPFS,2025,130,23.7,32.7442,,1008.85,1039.12
HM-KHS-2025-0417,Highmark - Keystone Health System (Commercial PPO),C.1 Professional,Professional,Keystone General (OP),CPT,45460,"Digestive / GI procedure, code 45460 (specimen)",RBRVS,130% MPFS,2025,130,23.25,32.7442,,989.69,1019.38
HM-KHS-2025-0417,Highmark - Keystone Health System (Commercial PPO),C.1 Professional,Professional,Keystone General (OP),CPT,45500,"Digestive / GI procedure, code 45500 (specimen)",RBRVS,130% MPFS,2025,130,17.35,32.7442,,738.55,760.71
HM-KHS-2025-0417,Highmark - Keystone Health System (Commercial PPO),C.1 Professional,Professional,Keystone General (OP),CPT,45540,"Digestive / GI procedure, code 45540 (specimen)",RBRVS,130% MPFS,2025,130,23.55,32.7442,,1002.46,1032.53
HM-KHS-2025-0417,Highmark - Keystone Health System (Commercial PPO),C.1 Professional,Professional,Keystone General (OP),CPT,45580,"Digestive / GI procedure, code 45580 (specimen)",RBRVS,130% MPFS,2025,130,19.29,32.7442,,821.13,845.76
HM-KHS-2025-0417,Highmark - Keystone Health System (Commercial PPO),C.1 Professional,Professional,Keystone General (OP),CPT,45620,"Digestive / GI procedure, code 45620 (specimen)",RBRVS,130% MPFS,2025,130,14.36,32.7442,,611.27,629.61
HM-KHS-2025-0417,Highmark - Keystone Health System (Commercial PPO),C.1 Professional,Professional,Keystone General (OP),CPT,45660,"Digestive / GI procedure, code 45660 (specimen)",RBRVS,130% MPFS,2025,130,13.06,32.7442,,555.93,572.61
HM-KHS-2025-0417,Highmark - Keystone Health System (Commercial PPO),C.1 Professional,Professional,Keystone General (OP),CPT,45700,"Digestive / GI procedure, code 45700 (specimen)",RBRVS,130% MPFS,2025,130,10.86,32.7442,,462.28,476.15
HM-KHS-2025-0417,Highmark - Keystone Health System (Commercial PPO),C.1 Professional,Professional,Keystone General (OP),CPT,45740,"Digestive / GI procedure, code 45740 (specimen)",RBRVS,130% MPFS,2025,130,15.78,32.7442,,671.71,691.86
HM-KHS-2025-0417,Highmark - Keystone Health System (Commercial PPO),C.1 Professional,Professional,Keystone General (OP),CPT,45780,"Digestive / GI procedure, code 45780 (specimen)",RBRVS,130% MPFS,2025,130,23.38,32.7442,,995.23,1025.09
HM-KHS-2025-0417,Highmark - Keystone Health System (Commercial PPO),C.1 Professional,Professional,Keystone General (OP),CPT,45820,"Digestive / GI procedure, code 45820 (specimen)",RBRVS,130% MPFS,2025,130,9.37,32.7442,,398.86,410.83
HM-KHS-2025-0417,Highmark - Keystone Health System (Commercial PPO),C.1 Professional,Professional,Keystone General (OP),CPT,45860,"Digestive / GI procedure, code 45860 (specimen)",RBRVS,130% MPFS,2025,130,19.48,32.7442,,829.21,854.09
HM-KHS-2025-0417,Highmark - Keystone Health System (Commercial PPO),C.1 Professional,Professional,Keystone General (OP),CPT,45900,"Digestive / GI procedure, code 45900 (specimen)",RBRVS,130% MPFS,2025,130,10.21,32.7442,,434.61,447.65
HM-KHS-2025-0417,Highmark - Keystone Health System (Commercial PPO),C.1 Professional,Professional,Keystone General (OP),CPT,45940,"Digestive / GI procedure, code 45940 (specimen)",RBRVS,130% MPFS,2025,130,5.79,32.7442,,246.47,253.86
HM-KHS-2025-0417,Highmark - Keystone Health System (Commercial PPO),C.1 Professional,Professional,Keystone General (OP),CPT,45980,"Digestive / GI procedure, code 45980 (specimen)",RBRVS,130% MPFS,2025,130,3.78,32.7442,,160.90,165.73
HM-KHS-2025-0417,Highmark - Keystone Health System (Commercial PPO),C.1 Professional,Professional,Keystone General (OP),CPT,46020,"Digestive / GI procedure, code 46020 (specimen)",RBRVS,130% MPFS,2025,130,4.23,32.7442,,180.06,185.46
HM-KHS-2025-0417,Highmark - Keystone Health System (Commercial PPO),C.1 Professional,Professional,Keystone General (OP),CPT,46060,"Digestive / GI procedure, code 46060 (specimen)",RBRVS,130% MPFS,2025,130,25.16,32.7442,,1071.00,1103.13
HM-KHS-2025-0417,Highmark - Keystone Health System (Commercial PPO),C.1 Professional,Professional,Keystone General (OP),CPT,46100,"Digestive / GI procedure, code 46100 (specimen)",RBRVS,130% MPFS,2025,130,25.91,32.7442,,1102.92,1136.01
HM-KHS-2025-0417,Highmark - Keystone Health System (Commercial PPO),C.1 Professional,Professional,Keystone General (OP),CPT,46140,"Digestive / GI procedure, code 46140 (specimen)",RBRVS,130% MPFS,2025,130,21.12,32.7442,,899.02,925.99
HM-KHS-2025-0417,Highmark - Keystone Health System (Commercial PPO),C.1 Professional,Professional,Keystone General (OP),CPT,46180,"Digestive / GI procedure, code 46180 (specimen)",RBRVS,130% MPFS,2025,130,25.2,32.7442,,1072.70,1104.88
HM-KHS-2025-0417,Highmark - Keystone Health System (Commercial PPO),C.1 Professional,Professional,Keystone General (OP),CPT,46220,"Digestive / GI procedure, code 46220 (specimen)",RBRVS,130% MPFS,2025,130,4.15,32.7442,,176.65,181.95
HM-KHS-2025-0417,Highmark - Keystone Health System (Commercial PPO),C.1 Professional,Professional,Keystone General (OP),CPT,46260,"Digestive / GI procedure, code 46260 (specimen)",RBRVS,130% MPFS,2025,130,15.22,32.7442,,647.88,667.32
HM-KHS-2025-0417,Highmark - Keystone Health System (Commercial PPO),C.1 Professional,Professional,Keystone General (OP),CPT,46300,"Digestive / GI procedure, code 46300 (specimen)",RBRVS,130% MPFS,2025,130,15.57,32.7442,,662.78,682.66
HM-KHS-2025-0417,Highmark - Keystone Health System (Commercial PPO),C.1 Professional,Professional,Keystone General (OP),CPT,46340,"Digestive / GI procedure, code 46340 (specimen)",RBRVS,130% MPFS,2025,130,12.91,32.7442,,549.55,566.04
HM-KHS-2025-0417,Highmark - Keystone Health System (Commercial PPO),C.1 Professional,Professional,Keystone General (OP),CPT,46380,"Digestive / GI procedure, code 46380 (specimen)",RBRVS,130% MPFS,2025,130,4.66,32.7442,,198.36,204.31
HM-KHS-2025-0417,Highmark - Keystone Health System (Commercial PPO),C.1 Professional,Professional,Keystone General (OP),CPT,46420,"Digestive / GI procedure, code 46420 (specimen)",RBRVS,130% MPFS,2025,130,24.71,32.7442,,1051.84,1083.40
HM-KHS-2025-0417,Highmark - Keystone Health System (Commercial PPO),C.1 Professional,Professional,Keystone General (OP),CPT,46460,"Digestive / GI procedure, code 46460 (specimen)",RBRVS,130% MPFS,2025,130,24.41,32.7442,,1039.07,1070.24
HM-KHS-2025-0417,Highmark - Keystone Health System (Commercial PPO),C.1 Professional,Professional,Keystone General (OP),CPT,46500,"Digestive / GI procedure, code 46500 (specimen)",RBRVS,130% MPFS,2025,130,8.27,32.7442,,352.03,362.59
HM-KHS-2025-0417,Highmark - Keystone Health System (Commercial PPO),C.1 Professional,Professional,Keystone General (OP),CPT,46540,"Digestive / GI procedure, code 46540 (specimen)",RBRVS,130% MPFS,2025,130,5.82,32.7442,,247.74,255.17
HM-KHS-2025-0417,Highmark - Keystone Health System (Commercial PPO),C.1 Professional,Professional,Keystone General (OP),CPT,46580,"Digestive / GI procedure, code 46580 (specimen)",RBRVS,130% MPFS,2025,130,8.81,32.7442,,375.02,386.27
HM-KHS-2025-0417,Highmark - Keystone Health System (Commercial PPO),C.1 Professional,Professional,Keystone General (OP),CPT,46620,"Digestive / GI procedure, code 46620 (specimen)",RBRVS,130% MPFS,2025,130,25.38,32.7442,,1080.36,1112.77
HM-KHS-2025-0417,Highmark - Keystone Health System (Commercial PPO),C.1 Professional,Professional,Keystone General (OP),CPT,46660,"Digestive / GI procedure, code 46660 (specimen)",RBRVS,130% MPFS,2025,130,7.32,32.7442,,311.59,320.94
HM-KHS-2025-0417,Highmark - Keystone Health System (Commercial PPO),C.1 Professional,Professional,Keystone General (OP),CPT,46700,"Digestive / GI procedure, code 46700 (specimen)",RBRVS,130% MPFS,2025,130,6.46,32.7442,,274.99,283.24
HM-KHS-2025-0417,Highmark - Keystone Health System (Commercial PPO),C.1 Professional,Professional,Keystone General (OP),CPT,46740,"Digestive / GI procedure, code 46740 (specimen)",RBRVS,130% MPFS,2025,130,6.5,32.7442,,276.69,284.99
HM-KHS-2025-0417,Highmark - Keystone Health System (Commercial PPO),C.1 Professional,Professional,Keystone General (OP),CPT,46780,"Digestive / GI procedure, code 46780 (specimen)",RBRVS,130% MPFS,2025,130,6.0,32.7442,,255.40,263.06
HM-KHS-2025-0417,Highmark - Keystone Health System (Commercial PPO),C.1 Professional,Professional,Keystone General (OP),CPT,46820,"Digestive / GI procedure, code 46820 (specimen)",RBRVS,130% MPFS,2025,130,22.65,32.7442,,964.15,993.07
HM-KHS-2025-0417,Highmark - Keystone Health System (Commercial PPO),C.1 Professional,Professional,Keystone General (OP),CPT,46860,"Digestive / GI procedure, code 46860 (specimen)",RBRVS,130% MPFS,2025,130,6.08,32.7442,,258.81,266.57
HM-KHS-2025-0417,Highmark - Keystone Health System (Commercial PPO),C.1 Professional,Professional,Keystone General (OP),CPT,46900,"Digestive / GI procedure, code 46900 (specimen)",RBRVS,130% MPFS,2025,130,3.81,32.7442,,162.18,167.05
HM-KHS-2025-0417,Highmark - Keystone Health System (Commercial PPO),C.1 Professional,Professional,Keystone General (OP),CPT,46940,"Digestive / GI procedure, code 46940 (specimen)",RBRVS,130% MPFS,2025,130,13.21,32.7442,,562.32,579.19
HM-KHS-2025-0417,Highmark - Keystone Health System (Commercial PPO),C.1 Professional,Professional,Keystone General (OP),CPT,46980,"Digestive / GI procedure, code 46980 (specimen)",RBRVS,130% MPFS,2025,130,12.12,32.7442,,515.92,531.40
HM-KHS-2025-0417,Highmark - Keystone Health System (Commercial PPO),C.1 Professional,Professional,Keystone General (OP),CPT,47020,"Digestive / GI procedure, code 47020 (specimen)",RBRVS,130% MPFS,2025,130,14.2,32.7442,,604.46,622.59
HM-KHS-2025-0417,Highmark - Keystone Health System (Commercial PPO),C.1 Professional,Professional,Keystone General (OP),CPT,47060,"Digestive / GI procedure, code 47060 (specimen)",RBRVS,130% MPFS,2025,130,17.57,32.7442,,747.91,770.35
HM-KHS-2025-0417,Highmark - Keystone Health System (Commercial PPO),C.1 Professional,Professional,Keystone General (OP),CPT,47100,"Digestive / GI procedure, code 47100 (specimen)",RBRVS,130% MPFS,2025,130,19.99,32.7442,,850.92,876.45
HM-KHS-2025-0417,Highmark - Keystone Health System (Commercial PPO),C.1 Professional,Professional,Keystone General (OP),CPT,47140,"Digestive / GI procedure, code 47140 (specimen)",RBRVS,130% MPFS,2025,130,7.71,32.7442,,328.20,338.05
HM-KHS-2025-0417,Highmark - Keystone Health System (Commercial PPO),C.1 Professional,Professional,Keystone General (OP),CPT,47180,"Digestive / GI procedure, code 47180 (specimen)",RBRVS,130% MPFS,2025,130,14.51,32.7442,,617.65,636.18
HM-KHS-2025-0417,Highmark - Keystone Health System (Commercial PPO),C.1 Professional,Professional,Keystone General (OP),CPT,47220,"Digestive / GI procedure, code 47220 (specimen)",RBRVS,130% MPFS,2025,130,6.52,32.7442,,277.54,285.87
HM-KHS-2025-0417,Highmark - Keystone Health System (Commercial PPO),C.1 Professional,Professional,Keystone General (OP),CPT,47260,"Digestive / GI procedure, code 47260 (specimen)",RBRVS,130% MPFS,2025,130,9.83,32.7442,,418.44,430.99
HM-KHS-2025-0417,Highmark - Keystone Health System (Commercial PPO),C.1 Professional,Professional,Keystone General (OP),CPT,47300,"Digestive / GI procedure, code 47300 (specimen)",RBRVS,130% MPFS,2025,130,15.61,32.7442,,664.48,684.41
HM-KHS-2025-0417,Highmark - Keystone Health System (Commercial PPO),C.1 Professional,Professional,Keystone General (OP),CPT,47340,"Digestive / GI procedure, code 47340 (specimen)",RBRVS,130% MPFS,2025,130,3.99,32.7442,,169.84,174.94
HM-KHS-2025-0417,Highmark - Keystone Health System (Commercial PPO),C.1 Professional,Professional,Keystone General (OP),CPT,47380,"Digestive / GI procedure, code 47380 (specimen)",RBRVS,130% MPFS,2025,130,24.34,32.7442,,1036.09,1067.17
HM-KHS-2025-0417,Highmark - Keystone Health System (Commercial PPO),C.1 Professional,Professional,Keystone General (OP),CPT,47420,"Digestive / GI procedure, code 47420 (specimen)",RBRVS,130% MPFS,2025,130,9.78,32.7442,,416.31,428.80
HM-KHS-2025-0417,Highmark - Keystone Health System (Commercial PPO),C.1 Professional,Professional,Keystone General (OP),CPT,47460,"Digestive / GI procedure, code 47460 (specimen)",RBRVS,130% MPFS,2025,130,25.34,32.7442,,1078.66,1111.02
HM-KHS-2025-0417,Highmark - Keystone Health System (Commercial PPO),C.1 Professional,Professional,Keystone General (OP),CPT,47500,"Digestive / GI procedure, code 47500 (specimen)",RBRVS,130% MPFS,2025,130,13.94,32.7442,,593.39,611.19
HM-KHS-2025-0417,Highmark - Keystone Health System (Commercial PPO),C.1 Professional,Professional,Keystone General (OP),CPT,47540,"Digestive / GI procedure, code 47540 (specimen)",RBRVS,130% MPFS,2025,130,16.58,32.7442,,705.77,726.94
HM-KHS-2025-0417,Highmark - Keystone Health System (Commercial PPO),C.1 Professional,Professional,Keystone General (OP),CPT,47580,"Digestive / GI procedure, code 47580 (specimen)",RBRVS,130% MPFS,2025,130,21.56,32.7442,,917.75,945.28
HM-KHS-2025-0417,Highmark - Keystone Health System (Commercial PPO),C.1 Professional,Professional,Keystone General (OP),CPT,47620,"Digestive / GI procedure, code 47620 (specimen)",RBRVS,130% MPFS,2025,130,3.88,32.7442,,165.16,170.11
HM-KHS-2025-0417,Highmark - Keystone Health System (Commercial PPO),C.1 Professional,Professional,Keystone General (OP),CPT,47660,"Digestive / GI procedure, code 47660 (specimen)",RBRVS,130% MPFS,2025,130,21.96,32.7442,,934.78,962.82
HM-KHS-2025-0417,Highmark - Keystone Health System (Commercial PPO),C.1 Professional,Professional,Keystone General (OP),CPT,47700,"Digestive / GI procedure, code 47700 (specimen)",RBRVS,130% MPFS,2025,130,3.65,32.7442,,155.37,160.03
HM-KHS-2025-0417,Highmark - Keystone Health System (Commercial PPO),C.1 Professional,Professional,Keystone General (OP),CPT,47740,"Digestive / GI procedure, code 47740 (specimen)",RBRVS,130% MPFS,2025,130,11.11,32.7442,,472.92,487.11
HM-KHS-2025-0417,Highmark - Keystone Health System (Commercial PPO),C.1 Professional,Professional,Keystone General (OP),CPT,47780,"Digestive / GI procedure, code 47780 (specimen)",RBRVS,130% MPFS,2025,130,20.6,32.7442,,876.89,903.20
HM-KHS-2025-0417,Highmark - Keystone Health System (Commercial PPO),C.1 Professional,Professional,Keystone General (OP),CPT,47820,"Digestive / GI procedure, code 47820 (specimen)",RBRVS,130% MPFS,2025,130,13.79,32.7442,,587.01,604.62
HM-KHS-2025-0417,Highmark - Keystone Health System (Commercial PPO),C.1 Professional,Professional,Keystone General (OP),CPT,47860,"Digestive / GI procedure, code 47860 (specimen)",RBRVS,130% MPFS,2025,130,5.37,32.7442,,228.59,235.45
HM-KHS-2025-0417,Highmark - Keystone Health System (Commercial PPO),C.1 Professional,Professional,Keystone General (OP),CPT,47900,"Digestive / GI procedure, code 47900 (specimen)",RBRVS,130% MPFS,2025,130,7.19,32.7442,,306.06,315.24
HM-KHS-2025-0417,Highmark - Keystone Health System (Commercial PPO),C.1 Professional,Professional,Keystone General (OP),CPT,47940,"Digestive / GI procedure, code 47940 (specimen)",RBRVS,130% MPFS,2025,130,14.56,32.7442,,619.78,638.37
HM-KHS-2025-0417,Highmark - Keystone Health System (Commercial PPO),C.1 Professional,Professional,Keystone General (OP),CPT,47980,"Digestive / GI procedure, code 47980 (specimen)",RBRVS,130% MPFS,2025,130,11.9,32.7442,,506.55,521.75
HM-KHS-2025-0417,Highmark - Keystone Health System (Commercial PPO),C.1 Professional,Professional,Keystone General (OP),CPT,48020,"Digestive / GI procedure, code 48020 (specimen)",RBRVS,130% MPFS,2025,130,21.39,32.7442,,910.52,937.84
HM-KHS-2025-0417,Highmark - Keystone Health System (Commercial PPO),C.1 Professional,Professional,Keystone General (OP),CPT,48060,"Digestive / GI procedure, code 48060 (specimen)",RBRVS,130% MPFS,2025,130,3.03,32.7442,,128.98,132.85
HM-KHS-2025-0417,Highmark - Keystone Health System (Commercial PPO),C.1 Professional,Professional,Keystone General (OP),CPT,48100,"Digestive / GI procedure, code 48100 (specimen)",RBRVS,130% MPFS,2025,130,8.56,32.7442,,364.38,375.31
HM-KHS-2025-0417,Highmark - Keystone Health System (Commercial PPO),C.1 Professional,Professional,Keystone General (OP),CPT,48140,"Digestive / GI procedure, code 48140 (specimen)",RBRVS,130% MPFS,2025,130,8.53,32.7442,,363.10,373.99
HM-KHS-2025-0417,Highmark - Keystone Health System (Commercial PPO),C.1 Professional,Professional,Keystone General (OP),CPT,48180,"Digestive / GI procedure, code 48180 (specimen)",RBRVS,130% MPFS,2025,130,15.41,32.7442,,655.96,675.64
HM-KHS-2025-0417,Highmark - Keystone Health System (Commercial PPO),C.1 Professional,Professional,Keystone General (OP),CPT,48220,"Digestive / GI procedure, code 48220 (specimen)",RBRVS,130% MPFS,2025,130,4.65,32.7442,,197.94,203.88
HM-KHS-2025-0417,Highmark - Keystone Health System (Commercial PPO),C.1 Professional,Professional,Keystone General (OP),CPT,48260,"Digestive / GI procedure, code 48260 (specimen)",RBRVS,130% MPFS,2025,130,9.27,32.7442,,394.60,406.44
HM-KHS-2025-0417,Highmark - Keystone Health System (Commercial PPO),C.1 Professional,Professional,Keystone General (OP),CPT,48300,"Digestive / GI procedure, code 48300 (specimen)",RBRVS,130% MPFS,2025,130,17.15,32.7442,,730.03,751.93
HM-KHS-2025-0417,Highmark - Keystone Health System (Commercial PPO),C.1 Professional,Professional,Keystone General (OP),CPT,48340,"Digestive / GI procedure, code 48340 (specimen)",RBRVS,130% MPFS,2025,130,18.61,32.7442,,792.18,815.95
HM-KHS-2025-0417,Highmark - Keystone Health System (Commercial PPO),C.1 Professional,Professional,Keystone General (OP),CPT,48380,"Digestive / GI procedure, code 48380 (specimen)",RBRVS,130% MPFS,2025,130,22.52,32.7442,,958.62,987.38
HM-KHS-2025-0417,Highmark - Keystone Health System (Commercial PPO),C.1 Professional,Professional,Keystone General (OP),CPT,48420,"Digestive / GI procedure, code 48420 (specimen)",RBRVS,130% MPFS,2025,130,7.95,32.7442,,338.41,348.56
HM-KHS-2025-0417,Highmark - Keystone Health System (Commercial PPO),C.1 Professional,Professional,Keystone General (OP),CPT,48460,"Digestive / GI procedure, code 48460 (specimen)",RBRVS,130% MPFS,2025,130,6.08,32.7442,,258.81,266.57
HM-KHS-2025-0417,Highmark - Keystone Health System (Commercial PPO),C.1 Professional,Professional,Keystone General (OP),CPT,48500,"Digestive / GI procedure, code 48500 (specimen)",RBRVS,130% MPFS,2025,130,19.95,32.7442,,849.22,874.70
HM-KHS-2025-0417,Highmark - Keystone Health System (Commercial PPO),C.1 Professional,Professional,Keystone General (OP),CPT,48540,"Digestive / GI procedure, code 48540 (specimen)",RBRVS,130% MPFS,2025,130,22.35,32.7442,,951.38,979.92
HM-KHS-2025-0417,Highmark - Keystone Health System (Commercial PPO),C.1 Professional,Professional,Keystone General (OP),CPT,48580,"Digestive / GI procedure, code 48580 (specimen)",RBRVS,130% MPFS,2025,130,19.69,32.7442,,838.15,863.29
HM-KHS-2025-0417,Highmark - Keystone Health System (Commercial PPO),C.1 Professional,Professional,Keystone General (OP),CPT,48620,"Digestive / GI procedure, code 48620 (specimen)",RBRVS,130% MPFS,2025,130,5.01,32.7442,,213.26,219.66
HM-KHS-2025-0417,Highmark - Keystone Health System (Commercial PPO),C.1 Professional,Professional,Keystone General (OP),CPT,48660,"Digestive / GI procedure, code 48660 (specimen)",RBRVS,130% MPFS,2025,130,15.37,32.7442,,654.26,673.89
HM-KHS-2025-0417,Highmark - Keystone Health System (Commercial PPO),C.1 Professional,Professional,Keystone General (OP),CPT,48700,"Digestive / GI procedure, code 48700 (specimen)",RBRVS,130% MPFS,2025,130,19.93,32.7442,,848.37,873.82
HM-KHS-2025-0417,Highmark - Keystone Health System (Commercial PPO),C.1 Professional,Professional,Keystone General (OP),CPT,48740,"Digestive / GI procedure, code 48740 (specimen)",RBRVS,130% MPFS,2025,130,16.49,32.7442,,701.94,723.00
HM-KHS-2025-0417,Highmark - Keystone Health System (Commercial PPO),C.1 Professional,Professional,Keystone General (OP),CPT,48780,"Digestive / GI procedure, code 48780 (specimen)",RBRVS,130% MPFS,2025,130,12.4,32.7442,,527.84,543.68
HM-KHS-2025-0417,Highmark - Keystone Health System (Commercial PPO),C.1 Professional,Professional,Keystone General (OP),CPT,48820,"Digestive / GI procedure, code 48820 (specimen)",RBRVS,130% MPFS,2025,130,7.71,32.7442,,328.20,338.05
HM-KHS-2025-0417,Highmark - Keystone Health System (Commercial PPO),C.1 Professional,Professional,Keystone General (OP),CPT,48860,"Digestive / GI procedure, code 48860 (specimen)",RBRVS,130% MPFS,2025,130,17.27,32.7442,,735.14,757.19
HM-KHS-2025-0417,Highmark - Keystone Health System (Commercial PPO),C.1 Professional,Professional,Keystone General (OP),CPT,48900,"Digestive / GI procedure, code 48900 (specimen)",RBRVS,130% MPFS,2025,130,9.44,32.7442,,401.84,413.90
HM-KHS-2025-0417,Highmark - Keystone Health System (Commercial PPO),C.1 Professional,Professional,Keystone General (OP),CPT,48940,"Digestive / GI procedure, code 48940 (specimen)",RBRVS,130% MPFS,2025,130,5.64,32.7442,,240.08,247.28
HM-KHS-2025-0417,Highmark - Keystone Health System (Commercial PPO),C.1 Professional,Professional,Keystone General (OP),CPT,48980,"Digestive / GI procedure, code 48980 (specimen)",RBRVS,130% MPFS,2025,130,22.58,32.7442,,961.17,990.01
HM-KHS-2025-0417,Highmark - Keystone Health System (Commercial PPO),C.1 Professional,Professional,Keystone General (OP),CPT,49020,"Digestive / GI procedure, code 49020 (specimen)",RBRVS,130% MPFS,2025,130,14.27,32.7442,,607.44,625.66
HM-KHS-2025-0417,Highmark - Keystone Health System (Commercial PPO),C.1 Professional,Professional,Keystone General (OP),CPT,49060,"Digestive / GI procedure, code 49060 (specimen)",RBRVS,130% MPFS,2025,130,9.95,32.7442,,423.55,436.26
HM-KHS-2025-0417,Highmark - Keystone Health System (Commercial PPO),C.1 Professional,Professional,Keystone General (OP),CPT,49100,"Digestive / GI procedure, code 49100 (specimen)",RBRVS,130% MPFS,2025,130,21.64,32.7442,,921.16,948.79
HM-KHS-2025-0417,Highmark - Keystone Health System (Commercial PPO),C.1 Professional,Professional,Keystone General (OP),CPT,49140,"Digestive / GI procedure, code 49140 (specimen)",RBRVS,130% MPFS,2025,130,17.41,32.7442,,741.10,763.33
HM-KHS-2025-0417,Highmark - Keystone Health System (Commercial PPO),C.1 Professional,Professional,Keystone General (OP),CPT,49180,"Digestive / GI procedure, code 49180 (specimen)",RBRVS,130% MPFS,2025,130,21.65,32.7442,,921.59,949.24
HM-KHS-2025-0417,Highmark - Keystone Health System (Commercial PPO),C.1 Professional,Professional,Keystone General (OP),CPT,49220,"Digestive / GI procedure, code 49220 (specimen)",RBRVS,130% MPFS,2025,130,3.26,32.7442,,138.77,142.93
HM-KHS-2025-0417,Highmark - Keystone Health System (Commercial PPO),C.1 Professional,Professional,Keystone General (OP),CPT,49260,"Digestive / GI procedure, code 49260 (specimen)",RBRVS,130% MPFS,2025,130,8.8,32.7442,,374.59,385.83
HM-KHS-2025-0417,Highmark - Keystone Health System (Commercial PPO),C.1 Professional,Professional,Keystone General (OP),CPT,49300,"Digestive / GI procedure, code 49300 (specimen)",RBRVS,130% MPFS,2025,130,21.46,32.7442,,913.50,940.91
HM-KHS-2025-0417,Highmark - Keystone Health System (Commercial PPO),C.1 Professional,Professional,Keystone General (OP),CPT,49340,"Digestive / GI procedure, code 49340 (specimen)",RBRVS,130% MPFS,2025,130,13.54,32.7442,,576.36,593.65
HM-KHS-2025-0417,Highmark - Keystone Health System (Commercial PPO),C.1 Professional,Professional,Keystone General (OP),CPT,49380,"Digestive / GI procedure, code 49380 (specimen)",RBRVS,130% MPFS,2025,130,19.36,32.7442,,824.11,848.83
HM-KHS-2025-0417,Highmark - Keystone Health System (Commercial PPO),C.1 Professional,Professional,Keystone General (OP),CPT,49420,"Digestive / GI procedure, code 49420 (specimen)",RBRVS,130% MPFS,2025,130,14.96,32.7442,,636.81,655.91
HM-KHS-2025-0417,Highmark - Keystone Health System (Commercial PPO),C.1 Professional,Professional,Keystone General (OP),CPT,49460,"Digestive / GI procedure, code 49460 (specimen)",RBRVS,130% MPFS,2025,130,25.2,32.7442,,1072.70,1104.88
HM-KHS-2025-0417,Highmark - Keystone Health System (Commercial PPO),C.1 Professional,Professional,Keystone General (OP),CPT,49500,"Digestive / GI procedure, code 49500 (specimen)",RBRVS,130% MPFS,2025,130,8.96,32.7442,,381.40,392.84
HM-KHS-2025-0417,Highmark - Keystone Health System (Commercial PPO),C.1 Professional,Professional,Keystone General (OP),CPT,49540,"Digestive / GI procedure, code 49540 (specimen)",RBRVS,130% MPFS,2025,130,8.02,32.7442,,341.39,351.63
HM-KHS-2025-0417,Highmark - Keystone Health System (Commercial PPO),C.1 Professional,Professional,Keystone General (OP),CPT,49580,"Digestive / GI procedure, code 49580 (specimen)",RBRVS,130% MPFS,2025,130,18.26,32.7442,,777.28,800.60
HM-KHS-2025-0417,Highmark - Keystone Health System (Commercial PPO),C.1 Professional,Professional,Keystone General (OP),CPT,49620,"Digestive / GI procedure, code 49620 (specimen)",RBRVS,130% MPFS,2025,130,6.74,32.7442,,286.90,295.51
HM-KHS-2025-0417,Highmark - Keystone Health System (Commercial PPO),C.1 Professional,Professional,Keystone General (OP),CPT,49660,"Digestive / GI procedure, code 49660 (specimen)",RBRVS,130% MPFS,2025,130,3.91,32.7442,,166.44,171.43
HM-KHS-2025-0417,Highmark - Keystone Health System (Commercial PPO),C.1 Professional,Professional,Keystone General (OP),CPT,49700,"Digestive / GI procedure, code 49700 (specimen)",RBRVS,130% MPFS,2025,130,11.24,32.7442,,478.46,492.81
HM-KHS-2025-0417,Highmark - Keystone Health System (Commercial PPO),C.1 Professional,Professional,Keystone General (OP),CPT,49740,"Digestive / GI procedure, code 49740 (specimen)",RBRVS,130% MPFS,2025,130,12.59,32.7442,,535.92,552.00
HM-KHS-2025-0417,Highmark - Keystone Health System (Commercial PPO),C.1 Professional,Professional,Keystone General (OP),CPT,49780,"Digestive / GI procedure, code 49780 (specimen)",RBRVS,130% MPFS,2025,130,15.5,32.7442,,659.80,679.59
HM-KHS-2025-0417,Highmark - Keystone Health System (Commercial PPO),C.1 Professional,Professional,Keystone General (OP),CPT,49820,"Digestive / GI procedure, code 49820 (specimen)",RBRVS,130% MPFS,2025,130,16.91,32.7442,,719.82,741.41
HM-KHS-2025-0417,Highmark - Keystone Health System (Commercial PPO),C.1 Professional,Professional,Keystone General (OP),CPT,49860,"Digestive / GI procedure, code 49860 (specimen)",RBRVS,130% MPFS,2025,130,13.67,32.7442,,581.90,599.36
HM-KHS-2025-0417,Highmark - Keystone Health System (Commercial PPO),C.1 Professional,Professional,Keystone General (OP),CPT,49900,"Digestive / GI procedure, code 49900 (specimen)",RBRVS,130% MPFS,2025,130,24.9,32.7442,,1059.93,1091.73
HM-KHS-2025-0417,Highmark - Keystone Health System (Commercial PPO),C.1 Professional,Professional,Keystone General (OP),CPT,49940,"Digestive / GI procedure, code 49940 (specimen)",RBRVS,130% MPFS,2025,130,24.1,32.7442,,1025.88,1056.66
HM-KHS-2025-0417,Highmark - Keystone Health System (Commercial PPO),C.1 Professional,Professional,Keystone General (OP),CPT,49980,"Digestive / GI procedure, code 49980 (specimen)",RBRVS,130% MPFS,2025,130,25.75,32.7442,,1096.11,1128.99
HM-KHS-2025-0417,Highmark - Keystone Health System (Commercial PPO),C.1 Professional,Professional,Keystone General (OP),CPT,61000,"Nervous System procedure, code 61000 (specimen)",RBRVS,130% MPFS,2025,130,22.98,32.7442,,978.20,1007.55
HM-KHS-2025-0417,Highmark - Keystone Health System (Commercial PPO),C.1 Professional,Professional,Keystone General (OP),CPT,61045,"Nervous System procedure, code 61045 (specimen)",RBRVS,130% MPFS,2025,130,21.65,32.7442,,921.59,949.24
HM-KHS-2025-0417,Highmark - Keystone Health System (Commercial PPO),C.1 Professional,Professional,Keystone General (OP),CPT,61090,"Nervous System procedure, code 61090 (specimen)",RBRVS,130% MPFS,2025,130,25.36,32.7442,,1079.51,1111.90
HM-KHS-2025-0417,Highmark - Keystone Health System (Commercial PPO),C.1 Professional,Professional,Keystone General (OP),CPT,61135,"Nervous System procedure, code 61135 (specimen)",RBRVS,130% MPFS,2025,130,19.43,32.7442,,827.09,851.90
HM-KHS-2025-0417,Highmark - Keystone Health System (Commercial PPO),C.1 Professional,Professional,Keystone General (OP),CPT,61180,"Nervous System procedure, code 61180 (specimen)",RBRVS,130% MPFS,2025,130,14.13,32.7442,,601.48,619.52
HM-KHS-2025-0417,Highmark - Keystone Health System (Commercial PPO),C.1 Professional,Professional,Keystone General (OP),CPT,61225,"Nervous System procedure, code 61225 (specimen)",RBRVS,130% MPFS,2025,130,25.75,32.7442,,1096.11,1128.99
HM-KHS-2025-0417,Highmark - Keystone Health System (Commercial PPO),C.1 Professional,Professional,Keystone General (OP),CPT,61270,"Nervous System procedure, code 61270 (specimen)",RBRVS,130% MPFS,2025,130,5.36,32.7442,,228.16,235.00
HM-KHS-2025-0417,Highmark - Keystone Health System (Commercial PPO),C.1 Professional,Professional,Keystone General (OP),CPT,61315,"Nervous System procedure, code 61315 (specimen)",RBRVS,130% MPFS,2025,130,6.39,32.7442,,272.01,280.17
HM-KHS-2025-0417,Highmark - Keystone Health System (Commercial PPO),C.1 Professional,Professional,Keystone General (OP),CPT,61360,"Nervous System procedure, code 61360 (specimen)",RBRVS,130% MPFS,2025,130,31.94,32.7442,,1359.60,1400.39
HM-KHS-2025-0417,Highmark - Keystone Health System (Commercial PPO),C.1 Professional,Professional,Keystone General (OP),CPT,61405,"Nervous System procedure, code 61405 (specimen)",RBRVS,130% MPFS,2025,130,17.1,32.7442,,727.90,749.74
HM-KHS-2025-0417,Highmark - Keystone Health System (Commercial PPO),C.1 Professional,Professional,Keystone General (OP),CPT,61450,"Nervous System procedure, code 61450 (specimen)",RBRVS,130% MPFS,2025,130,36.18,32.7442,,1540.09,1586.29
HM-KHS-2025-0417,Highmark - Keystone Health System (Commercial PPO),C.1 Professional,Professional,Keystone General (OP),CPT,61495,"Nervous System procedure, code 61495 (specimen)",RBRVS,130% MPFS,2025,130,37.44,32.7442,,1593.73,1641.54
HM-KHS-2025-0417,Highmark - Keystone Health System (Commercial PPO),C.1 Professional,Professional,Keystone General (OP),CPT,61540,"Nervous System procedure, code 61540 (specimen)",RBRVS,130% MPFS,2025,130,31.1,32.7442,,1323.85,1363.57
HM-KHS-2025-0417,Highmark - Keystone Health System (Commercial PPO),C.1 Professional,Professional,Keystone General (OP),CPT,61585,"Nervous System procedure, code 61585 (specimen)",RBRVS,130% MPFS,2025,130,4.3,32.7442,,183.04,188.53
HM-KHS-2025-0417,Highmark - Keystone Health System (Commercial PPO),C.1 Professional,Professional,Keystone General (OP),CPT,61630,"Nervous System procedure, code 61630 (specimen)",RBRVS,130% MPFS,2025,130,25.52,32.7442,,1086.32,1118.91
HM-KHS-2025-0417,Highmark - Keystone Health System (Commercial PPO),C.1 Professional,Professional,Keystone General (OP),CPT,61675,"Nervous System procedure, code 61675 (specimen)",RBRVS,130% MPFS,2025,130,28.29,32.7442,,1204.23,1240.36
HM-KHS-2025-0417,Highmark - Keystone Health System (Commercial PPO),C.1 Professional,Professional,Keystone General (OP),CPT,61720,"Nervous System procedure, code 61720 (specimen)",RBRVS,130% MPFS,2025,130,9.18,32.7442,,390.77,402.49
HM-KHS-2025-0417,Highmark - Keystone Health System (Commercial PPO),C.1 Professional,Professional,Keystone General (OP),CPT,61765,"Nervous System procedure, code 61765 (specimen)",RBRVS,130% MPFS,2025,130,31.17,32.7442,,1326.83,1366.63
HM-KHS-2025-0417,Highmark - Keystone Health System (Commercial PPO),C.1 Professional,Professional,Keystone General (OP),CPT,61810,"Nervous System procedure, code 61810 (specimen)",RBRVS,130% MPFS,2025,130,37.67,32.7442,,1603.52,1651.63
HM-KHS-2025-0417,Highmark - Keystone Health System (Commercial PPO),C.1 Professional,Professional,Keystone General (OP),CPT,61855,"Nervous System procedure, code 61855 (specimen)",RBRVS,130% MPFS,2025,130,32.66,32.7442,,1390.25,1431.96
HM-KHS-2025-0417,Highmark - Keystone Health System (Commercial PPO),C.1 Professional,Professional,Keystone General (OP),CPT,61900,"Nervous System procedure, code 61900 (specimen)",RBRVS,130% MPFS,2025,130,25.1,32.7442,,1068.44,1100.49
HM-KHS-2025-0417,Highmark - Keystone Health System (Commercial PPO),C.1 Professional,Professional,Keystone General (OP),CPT,61945,"Nervous System procedure, code 61945 (specimen)",RBRVS,130% MPFS,2025,130,33.08,32.7442,,1408.13,1450.37
HM-KHS-2025-0417,Highmark - Keystone Health System (Commercial PPO),C.1 Professional,Professional,Keystone General (OP),CPT,61990,"Nervous System procedure, code 61990 (specimen)",RBRVS,130% MPFS,2025,130,13.59,32.7442,,578.49,595.84
HM-KHS-2025-0417,Highmark - Keystone Health System (Commercial PPO),C.1 Professional,Professional,Keystone General (OP),CPT,62035,"Nervous System procedure, code 62035 (specimen)",RBRVS,130% MPFS,2025,130,17.98,32.7442,,765.36,788.32
HM-KHS-2025-0417,Highmark - Keystone Health System (Commercial PPO),C.1 Professional,Professional,Keystone General (OP),CPT,62080,"Nervous System procedure, code 62080 (specimen)",RBRVS,130% MPFS,2025,130,8.08,32.7442,,343.95,354.27
HM-KHS-2025-0417,Highmark - Keystone Health System (Commercial PPO),C.1 Professional,Professional,Keystone General (OP),CPT,62125,"Nervous System procedure, code 62125 (specimen)",RBRVS,130% MPFS,2025,130,38.15,32.7442,,1623.95,1672.67
HM-KHS-2025-0417,Highmark - Keystone Health System (Commercial PPO),C.1 Professional,Professional,Keystone General (OP),CPT,62170,"Nervous System procedure, code 62170 (specimen)",RBRVS,130% MPFS,2025,130,28.1,32.7442,,1196.15,1232.03
HM-KHS-2025-0417,Highmark - Keystone Health System (Commercial PPO),C.1 Professional,Professional,Keystone General (OP),CPT,62215,"Nervous System procedure, code 62215 (specimen)",RBRVS,130% MPFS,2025,130,6.71,32.7442,,285.63,294.20
HM-KHS-2025-0417,Highmark - Keystone Health System (Commercial PPO),C.1 Professional,Professional,Keystone General (OP),CPT,62260,"Nervous System procedure, code 62260 (specimen)",RBRVS,130% MPFS,2025,130,7.91,32.7442,,336.71,346.81
HM-KHS-2025-0417,Highmark - Keystone Health System (Commercial PPO),C.1 Professional,Professional,Keystone General (OP),CPT,62305,"Nervous System procedure, code 62305 (specimen)",RBRVS,130% MPFS,2025,130,17.89,32.7442,,761.53,784.38
HM-KHS-2025-0417,Highmark - Keystone Health System (Commercial PPO),C.1 Professional,Professional,Keystone General (OP),CPT,62350,"Nervous System procedure, code 62350 (specimen)",RBRVS,130% MPFS,2025,130,22.12,32.7442,,941.59,969.84
HM-KHS-2025-0417,Highmark - Keystone Health System (Commercial PPO),C.1 Professional,Professional,Keystone General (OP),CPT,62395,"Nervous System procedure, code 62395 (specimen)",RBRVS,130% MPFS,2025,130,37.77,32.7442,,1607.77,1656.00
HM-KHS-2025-0417,Highmark - Keystone Health System (Commercial PPO),C.1 Professional,Professional,Keystone General (OP),CPT,62440,"Nervous System procedure, code 62440 (specimen)",RBRVS,130% MPFS,2025,130,23.04,32.7442,,980.75,1010.17
HM-KHS-2025-0417,Highmark - Keystone Health System (Commercial PPO),C.1 Professional,Professional,Keystone General (OP),CPT,62485,"Nervous System procedure, code 62485 (specimen)",RBRVS,130% MPFS,2025,130,21.38,32.7442,,910.09,937.39
HM-KHS-2025-0417,Highmark - Keystone Health System (Commercial PPO),C.1 Professional,Professional,Keystone General (OP),CPT,62530,"Nervous System procedure, code 62530 (specimen)",RBRVS,130% MPFS,2025,130,11.73,32.7442,,499.32,514.30
HM-KHS-2025-0417,Highmark - Keystone Health System (Commercial PPO),C.1 Professional,Professional,Keystone General (OP),CPT,62575,"Nervous System procedure, code 62575 (specimen)",RBRVS,130% MPFS,2025,130,12.11,32.7442,,515.49,530.95
HM-KHS-2025-0417,Highmark - Keystone Health System (Commercial PPO),C.1 Professional,Professional,Keystone General (OP),CPT,62620,"Nervous System procedure, code 62620 (specimen)",RBRVS,130% MPFS,2025,130,35.45,32.7442,,1509.02,1554.29
HM-KHS-2025-0417,Highmark - Keystone Health System (Commercial PPO),C.1 Professional,Professional,Keystone General (OP),CPT,62665,"Nervous System procedure, code 62665 (specimen)",RBRVS,130% MPFS,2025,130,18.59,32.7442,,791.33,815.07
HM-KHS-2025-0417,Highmark - Keystone Health System (Commercial PPO),C.1 Professional,Professional,Keystone General (OP),CPT,62710,"Nervous System procedure, code 62710 (specimen)",RBRVS,130% MPFS,2025,130,39.13,32.7442,,1665.66,1715.63
HM-KHS-2025-0417,Highmark - Keystone Health System (Commercial PPO),C.1 Professional,Professional,Keystone General (OP),CPT,62755,"Nervous System procedure, code 62755 (specimen)",RBRVS,130% MPFS,2025,130,12.02,32.7442,,511.66,527.01
HM-KHS-2025-0417,Highmark - Keystone Health System (Commercial PPO),C.1 Professional,Professional,Keystone General (OP),CPT,62800,"Nervous System procedure, code 62800 (specimen)",RBRVS,130% MPFS,2025,130,38.43,32.7442,,1635.87,1684.95
HM-KHS-2025-0417,Highmark - Keystone Health System (Commercial PPO),C.1 Professional,Professional,Keystone General (OP),CPT,62845,"Nervous System procedure, code 62845 (specimen)",RBRVS,130% MPFS,2025,130,24.73,32.7442,,1052.69,1084.27
HM-KHS-2025-0417,Highmark - Keystone Health System (Commercial PPO),C.1 Professional,Professional,Keystone General (OP),CPT,62890,"Nervous System procedure, code 62890 (specimen)",RBRVS,130% MPFS,2025,130,16.58,32.7442,,705.77,726.94
HM-KHS-2025-0417,Highmark - Keystone Health System (Commercial PPO),C.1 Professional,Professional,Keystone General (OP),CPT,62935,"Nervous System procedure, code 62935 (specimen)",RBRVS,130% MPFS,2025,130,34.87,32.7442,,1484.33,1528.86
HM-KHS-2025-0417,Highmark - Keystone Health System (Commercial PPO),C.1 Professional,Professional,Keystone General (OP),CPT,62980,"Nervous System procedure, code 62980 (specimen)",RBRVS,130% MPFS,2025,130,13.35,32.7442,,568.28,585.33
HM-KHS-2025-0417,Highmark - Keystone Health System (Commercial PPO),C.1 Professional,Professional,Keystone General (OP),CPT,63025,"Nervous System procedure, code 63025 (specimen)",RBRVS,130% MPFS,2025,130,5.5,32.7442,,234.12,241.14
HM-KHS-2025-0417,Highmark - Keystone Health System (Commercial PPO),C.1 Professional,Professional,Keystone General (OP),CPT,63070,"Nervous System procedure, code 63070 (specimen)",RBRVS,130% MPFS,2025,130,35.71,32.7442,,1520.08,1565.68
HM-KHS-2025-0417,Highmark - Keystone Health System (Commercial PPO),C.1 Professional,Professional,Keystone General (OP),CPT,63115,"Nervous System procedure, code 63115 (specimen)",RBRVS,130% MPFS,2025,130,11.03,32.7442,,469.52,483.61
HM-KHS-2025-0417,Highmark - Keystone Health System (Commercial PPO),C.1 Professional,Professional,Keystone General (OP),CPT,63160,"Nervous System procedure, code 63160 (specimen)",RBRVS,130% MPFS,2025,130,21.55,32.7442,,917.33,944.85
HM-KHS-2025-0417,Highmark - Keystone Health System (Commercial PPO),C.1 Professional,Professional,Keystone General (OP),CPT,63205,"Nervous System procedure, code 63205 (specimen)",RBRVS,130% MPFS,2025,130,25.34,32.7442,,1078.66,1111.02
HM-KHS-2025-0417,Highmark - Keystone Health System (Commercial PPO),C.1 Professional,Professional,Keystone General (OP),CPT,63250,"Nervous System procedure, code 63250 (specimen)",RBRVS,130% MPFS,2025,130,38.47,32.7442,,1637.57,1686.70
HM-KHS-2025-0417,Highmark - Keystone Health System (Commercial PPO),C.1 Professional,Professional,Keystone General (OP),CPT,63295,"Nervous System procedure, code 63295 (specimen)",RBRVS,130% MPFS,2025,130,35.41,32.7442,,1507.31,1552.53
HM-KHS-2025-0417,Highmark - Keystone Health System (Commercial PPO),C.1 Professional,Professional,Keystone General (OP),CPT,63340,"Nervous System procedure, code 63340 (specimen)",RBRVS,130% MPFS,2025,130,24.34,32.7442,,1036.09,1067.17
HM-KHS-2025-0417,Highmark - Keystone Health System (Commercial PPO),C.1 Professional,Professional,Keystone General (OP),CPT,63385,"Nervous System procedure, code 63385 (specimen)",RBRVS,130% MPFS,2025,130,27.13,32.7442,,1154.86,1189.51
HM-KHS-2025-0417,Highmark - Keystone Health System (Commercial PPO),C.1 Professional,Professional,Keystone General (OP),CPT,63430,"Nervous System procedure, code 63430 (specimen)",RBRVS,130% MPFS,2025,130,25.52,32.7442,,1086.32,1118.91
HM-KHS-2025-0417,Highmark - Keystone Health System (Commercial PPO),C.1 Professional,Professional,Keystone General (OP),CPT,63475,"Nervous System procedure, code 63475 (specimen)",RBRVS,130% MPFS,2025,130,11.89,32.7442,,506.13,521.31
HM-KHS-2025-0417,Highmark - Keystone Health System (Commercial PPO),C.1 Professional,Professional,Keystone General (OP),CPT,63520,"Nervous System procedure, code 63520 (specimen)",RBRVS,130% MPFS,2025,130,37.26,32.7442,,1586.06,1633.64
HM-KHS-2025-0417,Highmark - Keystone Health System (Commercial PPO),C.1 Professional,Professional,Keystone General (OP),CPT,63565,"Nervous System procedure, code 63565 (specimen)",RBRVS,130% MPFS,2025,130,26.59,32.7442,,1131.87,1165.83
HM-KHS-2025-0417,Highmark - Keystone Health System (Commercial PPO),C.1 Professional,Professional,Keystone General (OP),CPT,63610,"Nervous System procedure, code 63610 (specimen)",RBRVS,130% MPFS,2025,130,9.12,32.7442,,388.22,399.87
HM-KHS-2025-0417,Highmark - Keystone Health System (Commercial PPO),C.1 Professional,Professional,Keystone General (OP),CPT,63655,"Nervous System procedure, code 63655 (specimen)",RBRVS,130% MPFS,2025,130,15.77,32.7442,,671.29,691.43
HM-KHS-2025-0417,Highmark - Keystone Health System (Commercial PPO),C.1 Professional,Professional,Keystone General (OP),CPT,63700,"Nervous System procedure, code 63700 (specimen)",RBRVS,130% MPFS,2025,130,39.32,32.7442,,1673.75,1723.96
HM-KHS-2025-0417,Highmark - Keystone Health System (Commercial PPO),C.1 Professional,Professional,Keystone General (OP),CPT,63745,"Nervous System procedure, code 63745 (specimen)",RBRVS,130% MPFS,2025,130,23.62,32.7442,,1005.44,1035.60
HM-KHS-2025-0417,Highmark - Keystone Health System (Commercial PPO),C.1 Professional,Professional,Keystone General (OP),CPT,63790,"Nervous System procedure, code 63790 (specimen)",RBRVS,130% MPFS,2025,130,14.76,32.7442,,628.30,647.15
HM-KHS-2025-0417,Highmark - Keystone Health System (Commercial PPO),C.1 Professional,Professional,Keystone General (OP),CPT,63835,"Nervous System procedure, code 63835 (specimen)",RBRVS,130% MPFS,2025,130,39.9,32.7442,,1698.44,1749.39
HM-KHS-2025-0417,Highmark - Keystone Health System (Commercial PPO),C.1 Professional,Professional,Keystone General (OP),CPT,63880,"Nervous System procedure, code 63880 (specimen)",RBRVS,130% MPFS,2025,130,8.44,32.7442,,359.27,370.05
HM-KHS-2025-0417,Highmark - Keystone Health System (Commercial PPO),C.1 Professional,Professional,Keystone General (OP),CPT,63925,"Nervous System procedure, code 63925 (specimen)",RBRVS,130% MPFS,2025,130,38.63,32.7442,,1644.38,1693.71
HM-KHS-2025-0417,Highmark - Keystone Health System (Commercial PPO),C.1 Professional,Professional,Keystone General (OP),CPT,63970,"Nervous System procedure, code 63970 (specimen)",RBRVS,130% MPFS,2025,130,30.13,32.7442,,1282.56,1321.04
HM-KHS-2025-0417,Highmark - Keystone Health System (Commercial PPO),C.1 Professional,Professional,Keystone General (OP),CPT,64015,"Nervous System procedure, code 64015 (specimen)",RBRVS,130% MPFS,2025,130,30.43,32.7442,,1295.33,1334.19
HM-KHS-2025-0417,Highmark - Keystone Health System (Commercial PPO),C.1 Professional,Professional,Keystone General (OP),CPT,64060,"Nervous System procedure, code 64060 (specimen)",RBRVS,130% MPFS,2025,130,33.92,32.7442,,1443.89,1487.21
HM-KHS-2025-0417,Highmark - Keystone Health System (Commercial PPO),C.1 Professional,Professional,Keystone General (OP),CPT,64105,"Nervous System procedure, code 64105 (specimen)",RBRVS,130% MPFS,2025,130,37.68,32.7442,,1603.94,1652.06
HM-KHS-2025-0417,Highmark - Keystone Health System (Commercial PPO),C.1 Professional,Professional,Keystone General (OP),CPT,64150,"Nervous System procedure, code 64150 (specimen)",RBRVS,130% MPFS,2025,130,10.06,32.7442,,428.23,441.08
HM-KHS-2025-0417,Highmark - Keystone Health System (Commercial PPO),C.1 Professional,Professional,Keystone General (OP),CPT,64195,"Nervous System procedure, code 64195 (specimen)",RBRVS,130% MPFS,2025,130,24.58,32.7442,,1046.31,1077.70
HM-KHS-2025-0417,Highmark - Keystone Health System (Commercial PPO),C.1 Professional,Professional,Keystone General (OP),CPT,64240,"Nervous System procedure, code 64240 (specimen)",RBRVS,130% MPFS,2025,130,12.02,32.7442,,511.66,527.01
HM-KHS-2025-0417,Highmark - Keystone Health System (Commercial PPO),C.1 Professional,Professional,Keystone General (OP),CPT,64285,"Nervous System procedure, code 64285 (specimen)",RBRVS,130% MPFS,2025,130,23.96,32.7442,,1019.92,1050.52
HM-KHS-2025-0417,Highmark - Keystone Health System (Commercial PPO),C.1 Professional,Professional,Keystone General (OP),CPT,64330,"Nervous System procedure, code 64330 (specimen)",RBRVS,130% MPFS,2025,130,5.94,32.7442,,252.85,260.44
HM-KHS-2025-0417,Highmark - Keystone Health System (Commercial PPO),C.1 Professional,Professional,Keystone General (OP),CPT,64375,"Nervous System procedure, code 64375 (specimen)",RBRVS,130% MPFS,2025,130,38.95,32.7442,,1658.00,1707.74
HM-KHS-2025-0417,Highmark - Keystone Health System (Commercial PPO),C.1 Professional,Professional,Keystone General (OP),CPT,64420,"Nervous System procedure, code 64420 (specimen)",RBRVS,130% MPFS,2025,130,23.48,32.7442,,999.48,1029.46
HM-KHS-2025-0417,Highmark - Keystone Health System (Commercial PPO),C.1 Professional,Professional,Keystone General (OP),CPT,64465,"Nervous System procedure, code 64465 (specimen)",RBRVS,130% MPFS,2025,130,9.77,32.7442,,415.88,428.36
HM-KHS-2025-0417,Highmark - Keystone Health System (Commercial PPO),C.1 Professional,Professional,Keystone General (OP),CPT,64510,"Nervous System procedure, code 64510 (specimen)",RBRVS,130% MPFS,2025,130,33.43,32.7442,,1423.03,1465.72
HM-KHS-2025-0417,Highmark - Keystone Health System (Commercial PPO),C.1 Professional,Professional,Keystone General (OP),CPT,64555,"Nervous System procedure, code 64555 (specimen)",RBRVS,130% MPFS,2025,130,11.23,32.7442,,478.03,492.37
HM-KHS-2025-0417,Highmark - Keystone Health System (Commercial PPO),C.1 Professional,Professional,Keystone General (OP),CPT,64600,"Nervous System procedure, code 64600 (specimen)",RBRVS,130% MPFS,2025,130,11.34,32.7442,,482.71,497.19
HM-KHS-2025-0417,Highmark - Keystone Health System (Commercial PPO),C.1 Professional,Professional,Keystone General (OP),CPT,64645,"Nervous System procedure, code 64645 (specimen)",RBRVS,130% MPFS,2025,130,8.98,32.7442,,382.26,393.73
HM-KHS-2025-0417,Highmark - Keystone Health System (Commercial PPO),C.1 Professional,Professional,Keystone General (OP),CPT,64690,"Nervous System procedure, code 64690 (specimen)",RBRVS,130% MPFS,2025,130,6.24,32.7442,,265.62,273.59
HM-KHS-2025-0417,Highmark - Keystone Health System (Commercial PPO),C.1 Professional,Professional,Keystone General (OP),CPT,64735,"Nervous System procedure, code 64735 (specimen)",RBRVS,130% MPFS,2025,130,7.89,32.7442,,335.86,345.94
HM-KHS-2025-0417,Highmark - Keystone Health System (Commercial PPO),C.1 Professional,Professional,Keystone General (OP),CPT,64780,"Nervous System procedure, code 64780 (specimen)",RBRVS,130% MPFS,2025,130,4.16,32.7442,,177.08,182.39
HM-KHS-2025-0417,Highmark - Keystone Health System (Commercial PPO),C.1 Professional,Professional,Keystone General (OP),CPT,64825,"Nervous System procedure, code 64825 (specimen)",RBRVS,130% MPFS,2025,130,20.79,32.7442,,884.98,911.53
HM-KHS-2025-0417,Highmark - Keystone Health System (Commercial PPO),C.1 Professional,Professional,Keystone General (OP),CPT,64870,"Nervous System procedure, code 64870 (specimen)",RBRVS,130% MPFS,2025,130,8.33,32.7442,,354.59,365.23
HM-KHS-2025-0417,Highmark - Keystone Health System (Commercial PPO),C.1 Professional,Professional,Keystone General (OP),CPT,64915,"Nervous System procedure, code 64915 (specimen)",RBRVS,130% MPFS,2025,130,38.12,32.7442,,1622.67,1671.35
HM-KHS-2025-0417,Highmark - Keystone Health System (Commercial PPO),C.1 Professional,Professional,Keystone General (OP),CPT,64960,"Nervous System procedure, code 64960 (specimen)",RBRVS,130% MPFS,2025,130,23.73,32.7442,,1010.13,1040.43
HM-KHS-2025-0417,Highmark - Keystone Health System (Commercial PPO),C.1 Professional,Professional,Keystone Cardiology (org),CPT,90460,"Medicine / Other procedure, code 90460 (specimen)",RBRVS,130% MPFS,2025,130,2.54,32.7442,,108.12,111.36
HM-KHS-2025-0417,Highmark - Keystone Health System (Commercial PPO),C.1 Professional,Professional,Keystone Cardiology (org),CPT,90520,"Medicine / Other procedure, code 90520 (specimen)",RBRVS,130% MPFS,2025,130,5.64,32.7442,,240.08,247.28
HM-KHS-2025-0417,Highmark - Keystone Health System (Commercial PPO),C.1 Professional,Professional,Keystone Cardiology (org),CPT,90580,"Medicine / Other procedure, code 90580 (specimen)",RBRVS,130% MPFS,2025,130,4.72,32.7442,,200.92,206.95
HM-KHS-2025-0417,Highmark - Keystone Health System (Commercial PPO),C.1 Professional,Professional,Keystone Cardiology (org),CPT,90640,"Medicine / Other procedure, code 90640 (specimen)",RBRVS,130% MPFS,2025,130,6.08,32.7442,,258.81,266.57
HM-KHS-2025-0417,Highmark - Keystone Health System (Commercial PPO),C.1 Professional,Professional,Keystone Cardiology (org),CPT,90700,"Medicine / Other procedure, code 90700 (specimen)",RBRVS,130% MPFS,2025,130,2.97,32.7442,,126.43,130.22
HM-KHS-2025-0417,Highmark - Keystone Health System (Commercial PPO),C.1 Professional,Professional,Keystone Cardiology (org),CPT,90760,"Medicine / Other procedure, code 90760 (specimen)",RBRVS,130% MPFS,2025,130,6.84,32.7442,,291.16,299.89
HM-KHS-2025-0417,Highmark - Keystone Health System (Commercial PPO),C.1 Professional,Professional,Keystone Cardiology (org),CPT,90820,"Medicine / Other procedure, code 90820 (specimen)",RBRVS,130% MPFS,2025,130,4.19,32.7442,,178.36,183.71
HM-KHS-2025-0417,Highmark - Keystone Health System (Commercial PPO),C.1 Professional,Professional,Keystone Cardiology (org),CPT,90880,"Medicine / Other procedure, code 90880 (specimen)",RBRVS,130% MPFS,2025,130,5.08,32.7442,,216.24,222.73
HM-KHS-2025-0417,Highmark - Keystone Health System (Commercial PPO),C.1 Professional,Professional,Keystone Cardiology (org),CPT,90940,"Medicine / Other procedure, code 90940 (specimen)",RBRVS,130% MPFS,2025,130,0.85,32.7442,,36.18,37.27
HM-KHS-2025-0417,Highmark - Keystone Health System (Commercial PPO),C.1 Professional,Professional,Keystone Cardiology (org),CPT,91000,"Medicine / Other procedure, code 91000 (specimen)",RBRVS,130% MPFS,2025,130,4.1,32.7442,,174.53,179.77
HM-KHS-2025-0417,Highmark - Keystone Health System (Commercial PPO),C.1 Professional,Professional,Keystone Cardiology (org),CPT,91060,"Medicine / Other procedure, code 91060 (specimen)",RBRVS,130% MPFS,2025,130,4.36,32.7442,,185.59,191.16
HM-KHS-2025-0417,Highmark - Keystone Health System (Commercial PPO),C.1 Professional,Professional,Keystone Cardiology (org),CPT,91120,"Medicine / Other procedure, code 91120 (specimen)",RBRVS,130% MPFS,2025,130,1.88,32.7442,,80.03,82.43
HM-KHS-2025-0417,Highmark - Keystone Health System (Commercial PPO),C.1 Professional,Professional,Keystone Cardiology (org),CPT,91180,"Medicine / Other procedure, code 91180 (specimen)",RBRVS,130% MPFS,2025,130,3.83,32.7442,,163.03,167.92
HM-KHS-2025-0417,Highmark - Keystone Health System (Commercial PPO),C.1 Professional,Professional,Keystone Cardiology (org),CPT,91240,"Medicine / Other procedure, code 91240 (specimen)",RBRVS,130% MPFS,2025,130,1.98,32.7442,,84.28,86.81
HM-KHS-2025-0417,Highmark - Keystone Health System (Commercial PPO),C.1 Professional,Professional,Keystone Cardiology (org),CPT,91300,"Medicine / Other procedure, code 91300 (specimen)",RBRVS,130% MPFS,2025,130,7.18,32.7442,,305.63,314.80
HM-KHS-2025-0417,Highmark - Keystone Health System (Commercial PPO),C.1 Professional,Professional,Keystone Cardiology (org),CPT,91360,"Medicine / Other procedure, code 91360 (specimen)",RBRVS,130% MPFS,2025,130,4.83,32.7442,,205.60,211.77
HM-KHS-2025-0417,Highmark - Keystone Health System (Commercial PPO),C.1 Professional,Professional,Keystone Cardiology (org),CPT,91420,"Medicine / Other procedure, code 91420 (specimen)",RBRVS,130% MPFS,2025,130,7.75,32.7442,,329.90,339.80
HM-KHS-2025-0417,Highmark - Keystone Health System (Commercial PPO),C.1 Professional,Professional,Keystone Cardiology (org),CPT,91480,"Medicine / Other procedure, code 91480 (specimen)",RBRVS,130% MPFS,2025,130,6.8,32.7442,,289.46,298.14
HM-KHS-2025-0417,Highmark - Keystone Health System (Commercial PPO),C.1 Professional,Professional,Keystone Cardiology (org),CPT,91540,"Medicine / Other procedure, code 91540 (specimen)",RBRVS,130% MPFS,2025,130,2.96,32.7442,,126.00,129.78
HM-KHS-2025-0417,Highmark - Keystone Health System (Commercial PPO),C.1 Professional,Professional,Keystone Cardiology (org),CPT,91600,"Medicine / Other procedure, code 91600 (specimen)",RBRVS,130% MPFS,2025,130,5.97,32.7442,,254.13,261.75
HM-KHS-2025-0417,Highmark - Keystone Health System (Commercial PPO),C.1 Professional,Professional,Keystone Cardiology (org),CPT,91660,"Medicine / Other procedure, code 91660 (specimen)",RBRVS,130% MPFS,2025,130,0.53,32.7442,,22.56,23.24
HM-KHS-2025-0417,Highmark - Keystone Health System (Commercial PPO),C.1 Professional,Professional,Keystone Cardiology (org),CPT,91720,"Medicine / Other procedure, code 91720 (specimen)",RBRVS,130% MPFS,2025,130,2.58,32.7442,,109.82,113.11
HM-KHS-2025-0417,Highmark - Keystone Health System (Commercial PPO),C.1 Professional,Professional,Keystone Cardiology (org),CPT,91780,"Medicine / Other procedure, code 91780 (specimen)",RBRVS,130% MPFS,2025,130,1.92,32.7442,,81.73,84.18
HM-KHS-2025-0417,Highmark - Keystone Health System (Commercial PPO),C.1 Professional,Professional,Keystone Cardiology (org),CPT,91840,"Medicine / Other procedure, code 91840 (specimen)",RBRVS,130% MPFS,2025,130,4.76,32.7442,,202.62,208.70
HM-KHS-2025-0417,Highmark - Keystone Health System (Commercial PPO),C.1 Professional,Professional,Keystone Cardiology (org),CPT,91900,"Medicine / Other procedure, code 91900 (specimen)",RBRVS,130% MPFS,2025,130,1.55,32.7442,,65.98,67.96
HM-KHS-2025-0417,Highmark - Keystone Health System (Commercial PPO),C.1 Professional,Professional,Keystone Cardiology (org),CPT,91960,"Medicine / Other procedure, code 91960 (specimen)",RBRVS,130% MPFS,2025,130,4.06,32.7442,,172.82,178.00
HM-KHS-2025-0417,Highmark - Keystone Health System (Commercial PPO),C.1 Professional,Professional,Keystone Cardiology (org),CPT,92020,"Medicine / Other procedure, code 92020 (specimen)",RBRVS,130% MPFS,2025,130,5.31,32.7442,,226.03,232.81
HM-KHS-2025-0417,Highmark - Keystone Health System (Commercial PPO),C.1 Professional,Professional,Keystone Cardiology (org),CPT,92080,"Medicine / Other procedure, code 92080 (specimen)",RBRVS,130% MPFS,2025,130,5.63,32.7442,,239.65,246.84
HM-KHS-2025-0417,Highmark - Keystone Health System (Commercial PPO),C.1 Professional,Professional,Keystone Cardiology (org),CPT,92140,"Medicine / Other procedure, code 92140 (specimen)",RBRVS,130% MPFS,2025,130,7.61,32.7442,,323.94,333.66
HM-KHS-2025-0417,Highmark - Keystone Health System (Commercial PPO),C.1 Professional,Professional,Keystone Cardiology (org),CPT,92200,"Medicine / Other procedure, code 92200 (specimen)",RBRVS,130% MPFS,2025,130,6.94,32.7442,,295.42,304.28
HM-KHS-2025-0417,Highmark - Keystone Health System (Commercial PPO),C.1 Professional,Professional,Keystone Cardiology (org),CPT,92260,"Medicine / Other procedure, code 92260 (specimen)",RBRVS,130% MPFS,2025,130,5.22,32.7442,,222.20,228.87
HM-KHS-2025-0417,Highmark - Keystone Health System (Commercial PPO),C.1 Professional,Professional,Keystone Cardiology (org),CPT,92320,"Medicine / Other procedure, code 92320 (specimen)",RBRVS,130% MPFS,2025,130,2.8,32.7442,,119.19,122.77
HM-KHS-2025-0417,Highmark - Keystone Health System (Commercial PPO),C.1 Professional,Professional,Keystone Cardiology (org),CPT,92380,"Medicine / Other procedure, code 92380 (specimen)",RBRVS,130% MPFS,2025,130,2.54,32.7442,,108.12,111.36
HM-KHS-2025-0417,Highmark - Keystone Health System (Commercial PPO),C.1 Professional,Professional,Keystone Cardiology (org),CPT,92440,"Medicine / Other procedure, code 92440 (specimen)",RBRVS,130% MPFS,2025,130,6.9,32.7442,,293.72,302.53
HM-KHS-2025-0417,Highmark - Keystone Health System (Commercial PPO),C.1 Professional,Professional,Keystone Cardiology (org),CPT,92500,"Medicine / Other procedure, code 92500 (specimen)",RBRVS,130% MPFS,2025,130,2.77,32.7442,,117.91,121.45
HM-KHS-2025-0417,Highmark - Keystone Health System (Commercial PPO),C.1 Professional,Professional,Keystone Cardiology (org),CPT,92560,"Medicine / Other procedure, code 92560 (specimen)",RBRVS,130% MPFS,2025,130,2.94,32.7442,,125.15,128.90
HM-KHS-2025-0417,Highmark - Keystone Health System (Commercial PPO),C.1 Professional,Professional,Keystone Cardiology (org),CPT,92620,"Medicine / Other procedure, code 92620 (specimen)",RBRVS,130% MPFS,2025,130,7.17,32.7442,,305.21,314.37
HM-KHS-2025-0417,Highmark - Keystone Health System (Commercial PPO),C.1 Professional,Professional,Keystone Cardiology (org),CPT,92680,"Medicine / Other procedure, code 92680 (specimen)",RBRVS,130% MPFS,2025,130,4.87,32.7442,,207.30,213.52
HM-KHS-2025-0417,Highmark - Keystone Health System (Commercial PPO),C.1 Professional,Professional,Keystone Cardiology (org),CPT,92740,"Medicine / Other procedure, code 92740 (specimen)",RBRVS,130% MPFS,2025,130,5.99,32.7442,,254.98,262.63
HM-KHS-2025-0417,Highmark - Keystone Health System (Commercial PPO),C.1 Professional,Professional,Keystone Cardiology (org),CPT,92800,"Medicine / Other procedure, code 92800 (specimen)",RBRVS,130% MPFS,2025,130,3.39,32.7442,,144.30,148.63
HM-KHS-2025-0417,Highmark - Keystone Health System (Commercial PPO),C.1 Professional,Professional,Keystone Cardiology (org),CPT,92860,"Medicine / Other procedure, code 92860 (specimen)",RBRVS,130% MPFS,2025,130,6.23,32.7442,,265.20,273.16
HM-KHS-2025-0417,Highmark - Keystone Health System (Commercial PPO),C.1 Professional,Professional,Keystone Cardiology (org),CPT,92980,"Medicine / Other procedure, code 92980 (specimen)",RBRVS,130% MPFS,2025,130,1.42,32.7442,,60.45,62.26
HM-KHS-2025-0417,Highmark - Keystone Health System (Commercial PPO),C.1 Professional,Professional,Keystone Cardiology (org),CPT,93040,"Medicine / Other procedure, code 93040 (specimen)",RBRVS,130% MPFS,2025,130,4.1,32.7442,,174.53,179.77
HM-KHS-2025-0417,Highmark - Keystone Health System (Commercial PPO),C.1 Professional,Professional,Keystone Cardiology (org),CPT,93100,"Medicine / Other procedure, code 93100 (specimen)",RBRVS,130% MPFS,2025,130,7.02,32.7442,,298.82,307.78
HM-KHS-2025-0417,Highmark - Keystone Health System (Commercial PPO),C.1 Professional,Professional,Keystone Cardiology (org),CPT,93160,"Medicine / Other procedure, code 93160 (specimen)",RBRVS,130% MPFS,2025,130,2.39,32.7442,,101.74,104.79
HM-KHS-2025-0417,Highmark - Keystone Health System (Commercial PPO),C.1 Professional,Professional,Keystone Cardiology (org),CPT,93220,"Medicine / Other procedure, code 93220 (specimen)",RBRVS,130% MPFS,2025,130,4.78,32.7442,,203.47,209.57
HM-KHS-2025-0417,Highmark - Keystone Health System (Commercial PPO),C.1 Professional,Professional,Keystone Cardiology (org),CPT,93280,"Medicine / Other procedure, code 93280 (specimen)",RBRVS,130% MPFS,2025,130,7.96,32.7442,,338.84,349.01
HM-KHS-2025-0417,Highmark - Keystone Health System (Commercial PPO),C.1 Professional,Professional,Keystone Cardiology (org),CPT,93340,"Medicine / Other procedure, code 93340 (specimen)",RBRVS,130% MPFS,2025,130,2.12,32.7442,,90.24,92.95
HM-KHS-2025-0417,Highmark - Keystone Health System (Commercial PPO),C.1 Professional,Professional,Keystone Cardiology (org),CPT,93400,"Medicine / Other procedure, code 93400 (specimen)",RBRVS,130% MPFS,2025,130,1.77,32.7442,,75.34,77.60
HM-KHS-2025-0417,Highmark - Keystone Health System (Commercial PPO),C.1 Professional,Professional,Keystone Cardiology (org),CPT,93460,"Medicine / Other procedure, code 93460 (specimen)",RBRVS,130% MPFS,2025,130,2.05,32.7442,,87.26,89.88
HM-KHS-2025-0417,Highmark - Keystone Health System (Commercial PPO),C.1 Professional,Professional,Keystone Cardiology (org),CPT,93520,"Medicine / Other procedure, code 93520 (specimen)",RBRVS,130% MPFS,2025,130,6.06,32.7442,,257.96,265.70
HM-KHS-2025-0417,Highmark - Keystone Health System (Commercial PPO),C.1 Professional,Professional,Keystone Cardiology (org),CPT,93580,"Medicine / Other procedure, code 93580 (specimen)",RBRVS,130% MPFS,2025,130,5.93,32.7442,,252.43,260.00
HM-KHS-2025-0417,Highmark - Keystone Health System (Commercial PPO),C.1 Professional,Professional,Keystone Cardiology (org),CPT,93640,"Medicine / Other procedure, code 93640 (specimen)",RBRVS,130% MPFS,2025,130,4.4,32.7442,,187.30,192.92
HM-KHS-2025-0417,Highmark - Keystone Health System (Commercial PPO),C.1 Professional,Professional,Keystone Cardiology (org),CPT,93700,"Medicine / Other procedure, code 93700 (specimen)",RBRVS,130% MPFS,2025,130,7.57,32.7442,,322.24,331.91
HM-KHS-2025-0417,Highmark - Keystone Health System (Commercial PPO),C.1 Professional,Professional,Keystone Cardiology (org),CPT,93760,"Medicine / Other procedure, code 93760 (specimen)",RBRVS,130% MPFS,2025,130,0.91,32.7442,,38.74,39.90
HM-KHS-2025-0417,Highmark - Keystone Health System (Commercial PPO),C.1 Professional,Professional,Keystone Cardiology (org),CPT,93820,"Medicine / Other procedure, code 93820 (specimen)",RBRVS,130% MPFS,2025,130,4.4,32.7442,,187.30,192.92
HM-KHS-2025-0417,Highmark - Keystone Health System (Commercial PPO),C.1 Professional,Professional,Keystone Cardiology (org),CPT,93880,"Medicine / Other procedure, code 93880 (specimen)",RBRVS,130% MPFS,2025,130,0.83,32.7442,,35.33,36.39
HM-KHS-2025-0417,Highmark - Keystone Health System (Commercial PPO),C.1 Professional,Professional,Keystone Cardiology (org),CPT,93940,"Medicine / Other procedure, code 93940 (specimen)",RBRVS,130% MPFS,2025,130,6.99,32.7442,,297.55,306.48
HM-KHS-2025-0417,Highmark - Keystone Health System (Commercial PPO),C.1 Professional,Professional,Keystone Cardiology (org),CPT,94000,"Medicine / Other procedure, code 94000 (specimen)",RBRVS,130% MPFS,2025,130,4.25,32.7442,,180.91,186.34
HM-KHS-2025-0417,Highmark - Keystone Health System (Commercial PPO),C.1 Professional,Professional,Keystone Cardiology (org),CPT,94060,"Medicine / Other procedure, code 94060 (specimen)",RBRVS,130% MPFS,2025,130,7.16,32.7442,,304.78,313.92
HM-KHS-2025-0417,Highmark - Keystone Health System (Commercial PPO),C.1 Professional,Professional,Keystone Cardiology (org),CPT,94120,"Medicine / Other procedure, code 94120 (specimen)",RBRVS,130% MPFS,2025,130,2.69,32.7442,,114.51,117.95
HM-KHS-2025-0417,Highmark - Keystone Health System (Commercial PPO),C.1 Professional,Professional,Keystone Cardiology (org),CPT,94180,"Medicine / Other procedure, code 94180 (specimen)",RBRVS,130% MPFS,2025,130,7.43,32.7442,,316.28,325.77
HM-KHS-2025-0417,Highmark - Keystone Health System (Commercial PPO),C.1 Professional,Professional,Keystone Cardiology (org),CPT,94240,"Medicine / Other procedure, code 94240 (specimen)",RBRVS,130% MPFS,2025,130,6.98,32.7442,,297.12,306.03
HM-KHS-2025-0417,Highmark - Keystone Health System (Commercial PPO),C.1 Professional,Professional,Keystone Cardiology (org),CPT,94300,"Medicine / Other procedure, code 94300 (specimen)",RBRVS,130% MPFS,2025,130,6.02,32.7442,,256.26,263.95
HM-KHS-2025-0417,Highmark - Keystone Health System (Commercial PPO),C.1 Professional,Professional,Keystone Cardiology (org),CPT,94360,"Medicine / Other procedure, code 94360 (specimen)",RBRVS,130% MPFS,2025,130,1.2,32.7442,,51.08,52.61
HM-KHS-2025-0417,Highmark - Keystone Health System (Commercial PPO),C.1 Professional,Professional,Keystone Cardiology (org),CPT,94420,"Medicine / Other procedure, code 94420 (specimen)",RBRVS,130% MPFS,2025,130,2.15,32.7442,,91.52,94.27
HM-KHS-2025-0417,Highmark - Keystone Health System (Commercial PPO),C.1 Professional,Professional,Keystone Cardiology (org),CPT,94480,"Medicine / Other procedure, code 94480 (specimen)",RBRVS,130% MPFS,2025,130,2.56,32.7442,,108.97,112.24
HM-KHS-2025-0417,Highmark - Keystone Health System (Commercial PPO),C.1 Professional,Professional,Keystone Cardiology (org),CPT,94540,"Medicine / Other procedure, code 94540 (specimen)",RBRVS,130% MPFS,2025,130,7.13,32.7442,,303.51,312.62
HM-KHS-2025-0417,Highmark - Keystone Health System (Commercial PPO),C.1 Professional,Professional,Keystone Cardiology (org),CPT,94600,"Medicine / Other procedure, code 94600 (specimen)",RBRVS,130% MPFS,2025,130,7.78,32.7442,,331.17,341.11
HM-KHS-2025-0417,Highmark - Keystone Health System (Commercial PPO),C.1 Professional,Professional,Keystone Cardiology (org),CPT,94660,"Medicine / Other procedure, code 94660 (specimen)",RBRVS,130% MPFS,2025,130,2.13,32.7442,,90.67,93.39
HM-KHS-2025-0417,Highmark - Keystone Health System (Commercial PPO),C.1 Professional,Professional,Keystone Cardiology (org),CPT,94720,"Medicine / Other procedure, code 94720 (specimen)",RBRVS,130% MPFS,2025,130,3.35,32.7442,,142.60,146.88
HM-KHS-2025-0417,Highmark - Keystone Health System (Commercial PPO),C.1 Professional,Professional,Keystone Cardiology (org),CPT,94780,"Medicine / Other procedure, code 94780 (specimen)",RBRVS,130% MPFS,2025,130,5.3,32.7442,,225.61,232.38
HM-KHS-2025-0417,Highmark - Keystone Health System (Commercial PPO),C.1 Professional,Professional,Keystone Cardiology (org),CPT,94840,"Medicine / Other procedure, code 94840 (specimen)",RBRVS,130% MPFS,2025,130,0.91,32.7442,,38.74,39.90
HM-KHS-2025-0417,Highmark - Keystone Health System (Commercial PPO),C.1 Professional,Professional,Keystone Cardiology (org),CPT,94900,"Medicine / Other procedure, code 94900 (specimen)",RBRVS,130% MPFS,2025,130,5.59,32.7442,,237.95,245.09
HM-KHS-2025-0417,Highmark - Keystone Health System (Commercial PPO),C.1 Professional,Professional,Keystone Cardiology (org),CPT,94960,"Medicine / Other procedure, code 94960 (specimen)",RBRVS,130% MPFS,2025,130,7.85,32.7442,,334.15,344.17
HM-KHS-2025-0417,Highmark - Keystone Health System (Commercial PPO),C.1 Professional,Professional,Keystone Cardiology (org),CPT,95020,"Medicine / Other procedure, code 95020 (specimen)",RBRVS,130% MPFS,2025,130,0.91,32.7442,,38.74,39.90
HM-KHS-2025-0417,Highmark - Keystone Health System (Commercial PPO),C.1 Professional,Professional,Keystone Cardiology (org),CPT,95080,"Medicine / Other procedure, code 95080 (specimen)",RBRVS,130% MPFS,2025,130,1.15,32.7442,,48.95,50.42
HM-KHS-2025-0417,Highmark - Keystone Health System (Commercial PPO),C.1 Professional,Professional,Keystone Cardiology (org),CPT,95140,"Medicine / Other procedure, code 95140 (specimen)",RBRVS,130% MPFS,2025,130,6.64,32.7442,,282.65,291.13
HM-KHS-2025-0417,Highmark - Keystone Health System (Commercial PPO),C.1 Professional,Professional,Keystone Cardiology (org),CPT,95200,"Medicine / Other procedure, code 95200 (specimen)",RBRVS,130% MPFS,2025,130,1.87,32.7442,,79.60,81.99
HM-KHS-2025-0417,Highmark - Keystone Health System (Commercial PPO),C.1 Professional,Professional,Keystone Cardiology (org),CPT,95260,"Medicine / Other procedure, code 95260 (specimen)",RBRVS,130% MPFS,2025,130,6.32,32.7442,,269.03,277.10
HM-KHS-2025-0417,Highmark - Keystone Health System (Commercial PPO),C.1 Professional,Professional,Keystone Cardiology (org),CPT,95320,"Medicine / Other procedure, code 95320 (specimen)",RBRVS,130% MPFS,2025,130,3.85,32.7442,,163.88,168.80
HM-KHS-2025-0417,Highmark - Keystone Health System (Commercial PPO),C.1 Professional,Professional,Keystone Cardiology (org),CPT,95380,"Medicine / Other procedure, code 95380 (specimen)",RBRVS,130% MPFS,2025,130,6.44,32.7442,,274.13,282.35
HM-KHS-2025-0417,Highmark - Keystone Health System (Commercial PPO),C.1 Professional,Professional,Keystone Cardiology (org),CPT,95440,"Medicine / Other procedure, code 95440 (specimen)",RBRVS,130% MPFS,2025,130,2.46,32.7442,,104.72,107.86
HM-KHS-2025-0417,Highmark - Keystone Health System (Commercial PPO),C.1 Professional,Professional,Keystone Cardiology (org),CPT,95500,"Medicine / Other procedure, code 95500 (specimen)",RBRVS,130% MPFS,2025,130,6.73,32.7442,,286.48,295.07
HM-KHS-2025-0417,Highmark - Keystone Health System (Commercial PPO),C.1 Professional,Professional,Keystone Cardiology (org),CPT,95560,"Medicine / Other procedure, code 95560 (specimen)",RBRVS,130% MPFS,2025,130,1.46,32.7442,,62.15,64.01
HM-KHS-2025-0417,Highmark - Keystone Health System (Commercial PPO),C.1 Professional,Professional,Keystone Cardiology (org),CPT,95620,"Medicine / Other procedure, code 95620 (specimen)",RBRVS,130% MPFS,2025,130,5.63,32.7442,,239.65,246.84
HM-KHS-2025-0417,Highmark - Keystone Health System (Commercial PPO),C.1 Professional,Professional,Keystone Cardiology (org),CPT,95680,"Medicine / Other procedure, code 95680 (specimen)",RBRVS,130% MPFS,2025,130,4.95,32.7442,,210.71,217.03
HM-KHS-2025-0417,Highmark - Keystone Health System (Commercial PPO),C.1 Professional,Professional,Keystone Cardiology (org),CPT,95740,"Medicine / Other procedure, code 95740 (specimen)",RBRVS,130% MPFS,2025,130,3.91,32.7442,,166.44,171.43
HM-KHS-2025-0417,Highmark - Keystone Health System (Commercial PPO),C.1 Professional,Professional,Keystone Cardiology (org),CPT,95800,"Medicine / Other procedure, code 95800 (specimen)",RBRVS,130% MPFS,2025,130,3.31,32.7442,,140.90,145.13
HM-KHS-2025-0417,Highmark - Keystone Health System (Commercial PPO),C.1 Professional,Professional,Keystone Cardiology (org),CPT,95860,"Medicine / Other procedure, code 95860 (specimen)",RBRVS,130% MPFS,2025,130,4.94,32.7442,,210.28,216.59
HM-KHS-2025-0417,Highmark - Keystone Health System (Commercial PPO),C.1 Professional,Professional,Keystone Cardiology (org),CPT,95920,"Medicine / Other procedure, code 95920 (specimen)",RBRVS,130% MPFS,2025,130,3.41,32.7442,,145.16,149.51
HM-KHS-2025-0417,Highmark - Keystone Health System (Commercial PPO),C.1 Professional,Professional,Keystone Cardiology (org),CPT,95980,"Medicine / Other procedure, code 95980 (specimen)",RBRVS,130% MPFS,2025,130,3.03,32.7442,,128.98,132.85
HM-KHS-2025-0417,Highmark - Keystone Health System (Commercial PPO),C.1 Professional,Professional,Keystone Cardiology (org),CPT,96040,"Medicine / Other procedure, code 96040 (specimen)",RBRVS,130% MPFS,2025,130,1.72,32.7442,,73.22,75.42
HM-KHS-2025-0417,Highmark - Keystone Health System (Commercial PPO),C.1 Professional,Professional,Keystone Cardiology (org),CPT,96100,"Medicine / Other procedure, code 96100 (specimen)",RBRVS,130% MPFS,2025,130,4.35,32.7442,,185.17,190.73
HM-KHS-2025-0417,Highmark - Keystone Health System (Commercial PPO),C.1 Professional,Professional,Keystone Cardiology (org),CPT,96160,"Medicine / Other procedure, code 96160 (specimen)",RBRVS,130% MPFS,2025,130,2.11,32.7442,,89.82,92.51
HM-KHS-2025-0417,Highmark - Keystone Health System (Commercial PPO),C.1 Professional,Professional,Keystone Cardiology (org),CPT,96220,"Medicine / Other procedure, code 96220 (specimen)",RBRVS,130% MPFS,2025,130,6.94,32.7442,,295.42,304.28
HM-KHS-2025-0417,Highmark - Keystone Health System (Commercial PPO),C.1 Professional,Professional,Keystone Cardiology (org),CPT,96280,"Medicine / Other procedure, code 96280 (specimen)",RBRVS,130% MPFS,2025,130,4.01,32.7442,,170.70,175.82
HM-KHS-2025-0417,Highmark - Keystone Health System (Commercial PPO),C.1 Professional,Professional,Keystone Cardiology (org),CPT,96340,"Medicine / Other procedure, code 96340 (specimen)",RBRVS,130% MPFS,2025,130,5.32,32.7442,,226.46,233.25
HM-KHS-2025-0417,Highmark - Keystone Health System (Commercial PPO),C.1 Professional,Professional,Keystone Cardiology (org),CPT,96400,"Medicine / Other procedure, code 96400 (specimen)",RBRVS,130% MPFS,2025,130,2.7,32.7442,,114.93,118.38
HM-KHS-2025-0417,Highmark - Keystone Health System (Commercial PPO),C.1 Professional,Professional,Keystone Cardiology (org),CPT,96460,"Medicine / Other procedure, code 96460 (specimen)",RBRVS,130% MPFS,2025,130,4.2,32.7442,,178.78,184.14
HM-KHS-2025-0417,Highmark - Keystone Health System (Commercial PPO),C.1 Professional,Professional,Keystone Cardiology (org),CPT,96520,"Medicine / Other procedure, code 96520 (specimen)",RBRVS,130% MPFS,2025,130,0.74,32.7442,,31.50,32.45
HM-KHS-2025-0417,Highmark - Keystone Health System (Commercial PPO),C.1 Professional,Professional,Keystone Cardiology (org),CPT,96580,"Medicine / Other procedure, code 96580 (specimen)",RBRVS,130% MPFS,2025,130,7.2,32.7442,,306.49,315.68
HM-KHS-2025-0417,Highmark - Keystone Health System (Commercial PPO),C.1 Professional,Professional,Keystone Cardiology (org),CPT,96640,"Medicine / Other procedure, code 96640 (specimen)",RBRVS,130% MPFS,2025,130,6.65,32.7442,,283.07,291.56
HM-KHS-2025-0417,Highmark - Keystone Health System (Commercial PPO),C.1 Professional,Professional,Keystone Cardiology (org),CPT,96700,"Medicine / Other procedure, code 96700 (specimen)",RBRVS,130% MPFS,2025,130,0.78,32.7442,,33.20,34.20
HM-KHS-2025-0417,Highmark - Keystone Health System (Commercial PPO),C.1 Professional,Professional,Keystone Cardiology (org),CPT,96760,"Medicine / Other procedure, code 96760 (specimen)",RBRVS,130% MPFS,2025,130,0.57,32.7442,,24.26,24.99
HM-KHS-2025-0417,Highmark - Keystone Health System (Commercial PPO),C.1 Professional,Professional,Keystone Cardiology (org),CPT,96820,"Medicine / Other procedure, code 96820 (specimen)",RBRVS,130% MPFS,2025,130,1.63,32.7442,,69.38,71.46
HM-KHS-2025-0417,Highmark - Keystone Health System (Commercial PPO),C.1 Professional,Professional,Keystone Cardiology (org),CPT,96880,"Medicine / Other procedure, code 96880 (specimen)",RBRVS,130% MPFS,2025,130,6.16,32.7442,,262.22,270.09
HM-KHS-2025-0417,Highmark - Keystone Health System (Commercial PPO),C.1 Professional,Professional,Keystone Cardiology (org),CPT,96940,"Medicine / Other procedure, code 96940 (specimen)",RBRVS,130% MPFS,2025,130,5.39,32.7442,,229.44,236.32
HM-KHS-2025-0417,Highmark - Keystone Health System (Commercial PPO),C.1 Professional,Professional,Keystone Cardiology (org),CPT,97000,"Medicine / Other procedure, code 97000 (specimen)",RBRVS,130% MPFS,2025,130,5.21,32.7442,,221.78,228.43
HM-KHS-2025-0417,Highmark - Keystone Health System (Commercial PPO),C.1 Professional,Professional,Keystone Cardiology (org),CPT,97060,"Medicine / Other procedure, code 97060 (specimen)",RBRVS,130% MPFS,2025,130,0.75,32.7442,,31.93,32.89
HM-KHS-2025-0417,Highmark - Keystone Health System (Commercial PPO),C.1 Professional,Professional,Keystone Cardiology (org),CPT,97120,"Medicine / Other procedure, code 97120 (specimen)",RBRVS,130% MPFS,2025,130,4.45,32.7442,,189.43,195.11
HM-KHS-2025-0417,Highmark - Keystone Health System (Commercial PPO),C.1 Professional,Professional,Keystone Cardiology (org),CPT,97180,"Medicine / Other procedure, code 97180 (specimen)",RBRVS,130% MPFS,2025,130,4.26,32.7442,,181.34,186.78
HM-KHS-2025-0417,Highmark - Keystone Health System (Commercial PPO),C.1 Professional,Professional,Keystone Cardiology (org),CPT,97240,"Medicine / Other procedure, code 97240 (specimen)",RBRVS,130% MPFS,2025,130,6.87,32.7442,,292.44,301.21
HM-KHS-2025-0417,Highmark - Keystone Health System (Commercial PPO),C.1 Professional,Professional,Keystone Cardiology (org),CPT,97300,"Medicine / Other procedure, code 97300 (specimen)",RBRVS,130% MPFS,2025,130,2.02,32.7442,,85.99,88.57
HM-KHS-2025-0417,Highmark - Keystone Health System (Commercial PPO),C.1 Professional,Professional,Keystone Cardiology (org),CPT,97360,"Medicine / Other procedure, code 97360 (specimen)",RBRVS,130% MPFS,2025,130,7.65,32.7442,,325.64,335.41
HM-KHS-2025-0417,Highmark - Keystone Health System (Commercial PPO),C.1 Professional,Professional,Keystone Cardiology (org),CPT,97420,"Medicine / Other procedure, code 97420 (specimen)",RBRVS,130% MPFS,2025,130,2.02,32.7442,,85.99,88.57
HM-KHS-2025-0417,Highmark - Keystone Health System (Commercial PPO),C.1 Professional,Professional,Keystone Cardiology (org),CPT,97480,"Medicine / Other procedure, code 97480 (specimen)",RBRVS,130% MPFS,2025,130,4.42,32.7442,,188.15,193.79
HM-KHS-2025-0417,Highmark - Keystone Health System (Commercial PPO),C.1 Professional,Professional,Keystone Cardiology (org),CPT,97540,"Medicine / Other procedure, code 97540 (specimen)",RBRVS,130% MPFS,2025,130,6.17,32.7442,,262.64,270.52
HM-KHS-2025-0417,Highmark - Keystone Health System (Commercial PPO),C.1 Professional,Professional,Keystone Cardiology (org),CPT,97600,"Medicine / Other procedure, code 97600 (specimen)",RBRVS,130% MPFS,2025,130,6.51,32.7442,,277.11,285.42
HM-KHS-2025-0417,Highmark - Keystone Health System (Commercial PPO),C.1 Professional,Professional,Keystone Cardiology (org),CPT,97660,"Medicine / Other procedure, code 97660 (specimen)",RBRVS,130% MPFS,2025,130,6.61,32.7442,,281.37,289.81
HM-KHS-2025-0417,Highmark - Keystone Health System (Commercial PPO),C.1 Professional,Professional,Keystone Cardiology (org),CPT,97720,"Medicine / Other procedure, code 97720 (specimen)",RBRVS,130% MPFS,2025,130,4.21,32.7442,,179.21,184.59
HM-KHS-2025-0417,Highmark - Keystone Health System (Commercial PPO),C.1 Professional,Professional,Keystone Cardiology (org),CPT,97780,"Medicine / Other procedure, code 97780 (specimen)",RBRVS,130% MPFS,2025,130,3.74,32.7442,,159.20,163.98
HM-KHS-2025-0417,Highmark - Keystone Health System (Commercial PPO),C.1 Professional,Professional,Keystone Cardiology (org),CPT,97840,"Medicine / Other procedure, code 97840 (specimen)",RBRVS,130% MPFS,2025,130,4.13,32.7442,,175.80,181.07
HM-KHS-2025-0417,Highmark - Keystone Health System (Commercial PPO),C.1 Professional,Professional,Keystone Cardiology (org),CPT,97900,"Medicine / Other procedure, code 97900 (specimen)",RBRVS,130% MPFS,2025,130,1.96,32.7442,,83.43,85.93
HM-KHS-2025-0417,Highmark - Keystone Health System (Commercial PPO),C.1 Professional,Professional,Keystone Cardiology (org),CPT,97960,"Medicine / Other procedure, code 97960 (specimen)",RBRVS,130% MPFS,2025,130,1.35,32.7442,,57.47,59.19
HM-KHS-2025-0417,Highmark - Keystone Health System (Commercial PPO),C.1 Professional,Professional,Keystone Cardiology (org),CPT,98020,"Medicine / Other procedure, code 98020 (specimen)",RBRVS,130% MPFS,2025,130,7.87,32.7442,,335.01,345.06
HM-KHS-2025-0417,Highmark - Keystone Health System (Commercial PPO),C.1 Professional,Professional,Keystone Cardiology (org),CPT,98080,"Medicine / Other procedure, code 98080 (specimen)",RBRVS,130% MPFS,2025,130,4.77,32.7442,,203.05,209.14
HM-KHS-2025-0417,Highmark - Keystone Health System (Commercial PPO),C.1 Professional,Professional,Keystone Cardiology (org),CPT,98140,"Medicine / Other procedure, code 98140 (specimen)",RBRVS,130% MPFS,2025,130,1.31,32.7442,,55.76,57.43
HM-KHS-2025-0417,Highmark - Keystone Health System (Commercial PPO),C.1 Professional,Professional,Keystone Cardiology (org),CPT,98200,"Medicine / Other procedure, code 98200 (specimen)",RBRVS,130% MPFS,2025,130,6.91,32.7442,,294.14,302.96
HM-KHS-2025-0417,Highmark - Keystone Health System (Commercial PPO),C.1 Professional,Professional,Keystone Cardiology (org),CPT,98260,"Medicine / Other procedure, code 98260 (specimen)",RBRVS,130% MPFS,2025,130,4.94,32.7442,,210.28,216.59
HM-KHS-2025-0417,Highmark - Keystone Health System (Commercial PPO),C.1 Professional,Professional,Keystone Cardiology (org),CPT,98320,"Medicine / Other procedure, code 98320 (specimen)",RBRVS,130% MPFS,2025,130,4.76,32.7442,,202.62,208.70
HM-KHS-2025-0417,Highmark - Keystone Health System (Commercial PPO),C.1 Professional,Professional,Keystone Cardiology (org),CPT,98380,"Medicine / Other procedure, code 98380 (specimen)",RBRVS,130% MPFS,2025,130,1.94,32.7442,,82.58,85.06
HM-KHS-2025-0417,Highmark - Keystone Health System (Commercial PPO),C.1 Professional,Professional,Keystone Cardiology (org),CPT,98440,"Medicine / Other procedure, code 98440 (specimen)",RBRVS,130% MPFS,2025,130,3.44,32.7442,,146.43,150.82
HM-KHS-2025-0417,Highmark - Keystone Health System (Commercial PPO),C.1 Professional,Professional,Keystone Cardiology (org),CPT,98500,"Medicine / Other procedure, code 98500 (specimen)",RBRVS,130% MPFS,2025,130,6.36,32.7442,,270.73,278.85
HM-KHS-2025-0417,Highmark - Keystone Health System (Commercial PPO),C.1 Professional,Professional,Keystone Cardiology (org),CPT,98560,"Medicine / Other procedure, code 98560 (specimen)",RBRVS,130% MPFS,2025,130,2.34,32.7442,,99.61,102.60
HM-KHS-2025-0417,Highmark - Keystone Health System (Commercial PPO),C.1 Professional,Professional,Keystone Cardiology (org),CPT,98620,"Medicine / Other procedure, code 98620 (specimen)",RBRVS,130% MPFS,2025,130,7.7,32.7442,,327.77,337.60
HM-KHS-2025-0417,Highmark - Keystone Health System (Commercial PPO),C.1 Professional,Professional,Keystone Cardiology (org),CPT,98680,"Medicine / Other procedure, code 98680 (specimen)",RBRVS,130% MPFS,2025,130,4.06,32.7442,,172.82,178.00
HM-KHS-2025-0417,Highmark - Keystone Health System (Commercial PPO),C.1 Professional,Professional,Keystone Cardiology (org),CPT,98740,"Medicine / Other procedure, code 98740 (specimen)",RBRVS,130% MPFS,2025,130,7.99,32.7442,,340.11,350.31
HM-KHS-2025-0417,Highmark - Keystone Health System (Commercial PPO),C.1 Professional,Professional,Keystone Cardiology (org),CPT,98800,"Medicine / Other procedure, code 98800 (specimen)",RBRVS,130% MPFS,2025,130,6.19,32.7442,,263.49,271.39
HM-KHS-2025-0417,Highmark - Keystone Health System (Commercial PPO),C.1 Professional,Professional,Keystone Cardiology (org),CPT,98860,"Medicine / Other procedure, code 98860 (specimen)",RBRVS,130% MPFS,2025,130,5.56,32.7442,,236.68,243.78
HM-KHS-2025-0417,Highmark - Keystone Health System (Commercial PPO),C.1 Professional,Professional,Keystone Cardiology (org),CPT,98920,"Medicine / Other procedure, code 98920 (specimen)",RBRVS,130% MPFS,2025,130,1.29,32.7442,,54.91,56.56
HM-KHS-2025-0417,Highmark - Keystone Health System (Commercial PPO),C.1 Professional,Professional,Keystone Cardiology (org),CPT,98980,"Medicine / Other procedure, code 98980 (specimen)",RBRVS,130% MPFS,2025,130,7.68,32.7442,,326.92,336.73
HM-KHS-2025-0417,Highmark - Keystone Health System (Commercial PPO),C.1 Professional,Professional,Keystone Cardiology (org),CPT,99040,"Medicine / Other procedure, code 99040 (specimen)",RBRVS,130% MPFS,2025,130,5.97,32.7442,,254.13,261.75
HM-KHS-2025-0417,Highmark - Keystone Health System (Commercial PPO),C.1 Professional,Professional,Keystone Cardiology (org),CPT,99100,"Medicine / Other procedure, code 99100 (specimen)",RBRVS,130% MPFS,2025,130,3.67,32.7442,,156.22,160.91
HM-KHS-2025-0417,Highmark - Keystone Health System (Commercial PPO),C.1 Professional,Professional,Keystone Cardiology (org),CPT,99160,"Medicine / Other procedure, code 99160 (specimen)",RBRVS,130% MPFS,2025,130,3.74,32.7442,,159.20,163.98
HM-KHS-2025-0417,Highmark - Keystone Health System (Commercial PPO),C.3 Outpatient,Outpatient,Keystone Imaging Center,CPT,70010,"Diagnostic imaging, code 70010 (specimen)",APC,250% OPPS,2025,,,,,189.28,194.96
HM-KHS-2025-0417,Highmark - Keystone Health System (Commercial PPO),C.3 Outpatient,Outpatient,Keystone Imaging Center,CPT,70130,"Diagnostic imaging, code 70130 (specimen)",APC,250% OPPS,2025,,,,,1389.95,1431.65
HM-KHS-2025-0417,Highmark - Keystone Health System (Commercial PPO),C.3 Outpatient,Outpatient,Keystone Imaging Center,CPT,70250,"Diagnostic imaging, code 70250 (specimen)",APC,250% OPPS,2025,,,,,811.44,835.78
HM-KHS-2025-0417,Highmark - Keystone Health System (Commercial PPO),C.3 Outpatient,Outpatient,Keystone Imaging Center,CPT,70370,"Diagnostic imaging, code 70370 (specimen)",APC,250% OPPS,2025,,,,,1278.82,1317.18
HM-KHS-2025-0417,Highmark - Keystone Health System (Commercial PPO),C.3 Outpatient,Outpatient,Keystone Imaging Center,CPT,70490,"Diagnostic imaging, code 70490 (specimen)",APC,250% OPPS,2025,,,,,1372.78,1413.96
HM-KHS-2025-0417,Highmark - Keystone Health System (Commercial PPO),C.3 Outpatient,Outpatient,Keystone Imaging Center,CPT,70610,"Diagnostic imaging, code 70610 (specimen)",APC,250% OPPS,2025,,,,,1074.37,1106.60
HM-KHS-2025-0417,Highmark - Keystone Health System (Commercial PPO),C.3 Outpatient,Outpatient,Keystone Imaging Center,CPT,70730,"Diagnostic imaging, code 70730 (specimen)",APC,250% OPPS,2025,,,,,226.88,233.69
HM-KHS-2025-0417,Highmark - Keystone Health System (Commercial PPO),C.3 Outpatient,Outpatient,Keystone Imaging Center,CPT,70850,"Diagnostic imaging, code 70850 (specimen)",APC,250% OPPS,2025,,,,,1376.76,1418.06
HM-KHS-2025-0417,Highmark - Keystone Health System (Commercial PPO),C.3 Outpatient,Outpatient,Keystone Imaging Center,CPT,70970,"Diagnostic imaging, code 70970 (specimen)",APC,250% OPPS,2025,,,,,1194.35,1230.18
HM-KHS-2025-0417,Highmark - Keystone Health System (Commercial PPO),C.3 Outpatient,Outpatient,Keystone Imaging Center,CPT,71090,"Diagnostic imaging, code 71090 (specimen)",APC,250% OPPS,2025,,,,,825.37,850.13
HM-KHS-2025-0417,Highmark - Keystone Health System (Commercial PPO),C.3 Outpatient,Outpatient,Keystone Imaging Center,CPT,71210,"Diagnostic imaging, code 71210 (specimen)",APC,250% OPPS,2025,,,,,58.49,60.24
HM-KHS-2025-0417,Highmark - Keystone Health System (Commercial PPO),C.3 Outpatient,Outpatient,Keystone Imaging Center,CPT,71330,"Diagnostic imaging, code 71330 (specimen)",APC,250% OPPS,2025,,,,,50.13,51.63
HM-KHS-2025-0417,Highmark - Keystone Health System (Commercial PPO),C.3 Outpatient,Outpatient,Keystone Imaging Center,CPT,71450,"Diagnostic imaging, code 71450 (specimen)",APC,250% OPPS,2025,,,,,771.11,794.24
HM-KHS-2025-0417,Highmark - Keystone Health System (Commercial PPO),C.3 Outpatient,Outpatient,Keystone Imaging Center,CPT,71570,"Diagnostic imaging, code 71570 (specimen)",APC,250% OPPS,2025,,,,,779.80,803.19
HM-KHS-2025-0417,Highmark - Keystone Health System (Commercial PPO),C.3 Outpatient,Outpatient,Keystone Imaging Center,CPT,71690,"Diagnostic imaging, code 71690 (specimen)",APC,250% OPPS,2025,,,,,82.30,84.77
HM-KHS-2025-0417,Highmark - Keystone Health System (Commercial PPO),C.3 Outpatient,Outpatient,Keystone Imaging Center,CPT,71810,"Diagnostic imaging, code 71810 (specimen)",APC,250% OPPS,2025,,,,,375.57,386.84
HM-KHS-2025-0417,Highmark - Keystone Health System (Commercial PPO),C.3 Outpatient,Outpatient,Keystone Imaging Center,CPT,71930,"Diagnostic imaging, code 71930 (specimen)",APC,250% OPPS,2025,,,,,1002.94,1033.03
HM-KHS-2025-0417,Highmark - Keystone Health System (Commercial PPO),C.3 Outpatient,Outpatient,Keystone Imaging Center,CPT,72050,"Diagnostic imaging, code 72050 (specimen)",APC,250% OPPS,2025,,,,,1410.00,1452.30
HM-KHS-2025-0417,Highmark - Keystone Health System (Commercial PPO),C.3 Outpatient,Outpatient,Keystone Imaging Center,CPT,72170,"Diagnostic imaging, code 72170 (specimen)",APC,250% OPPS,2025,,,,,534.86,550.91
HM-KHS-2025-0417,Highmark - Keystone Health System (Commercial PPO),C.3 Outpatient,Outpatient,Keystone Imaging Center,CPT,72290,"Diagnostic imaging, code 72290 (specimen)",APC,250% OPPS,2025,,,,,750.70,773.22
HM-KHS-2025-0417,Highmark - Keystone Health System (Commercial PPO),C.3 Outpatient,Outpatient,Keystone Imaging Center,CPT,72410,"Diagnostic imaging, code 72410 (specimen)",APC,250% OPPS,2025,,,,,1239.25,1276.43
HM-KHS-2025-0417,Highmark - Keystone Health System (Commercial PPO),C.3 Outpatient,Outpatient,Keystone Imaging Center,CPT,72530,"Diagnostic imaging, code 72530 (specimen)",APC,250% OPPS,2025,,,,,781.07,804.50
HM-KHS-2025-0417,Highmark - Keystone Health System (Commercial PPO),C.3 Outpatient,Outpatient,Keystone Imaging Center,CPT,72650,"Diagnostic imaging, code 72650 (specimen)",APC,250% OPPS,2025,,,,,1178.08,1213.42
HM-KHS-2025-0417,Highmark - Keystone Health System (Commercial PPO),C.3 Outpatient,Outpatient,Keystone Imaging Center,CPT,72770,"Diagnostic imaging, code 72770 (specimen)",APC,250% OPPS,2025,,,,,220.74,227.36
HM-KHS-2025-0417,Highmark - Keystone Health System (Commercial PPO),C.3 Outpatient,Outpatient,Keystone Imaging Center,CPT,72890,"Diagnostic imaging, code 72890 (specimen)",APC,250% OPPS,2025,,,,,693.33,714.13
HM-KHS-2025-0417,Highmark - Keystone Health System (Commercial PPO),C.3 Outpatient,Outpatient,Keystone Imaging Center,CPT,73010,"Diagnostic imaging, code 73010 (specimen)",APC,250% OPPS,2025,,,,,878.70,905.06
HM-KHS-2025-0417,Highmark - Keystone Health System (Commercial PPO),C.3 Outpatient,Outpatient,Keystone Imaging Center,CPT,73130,"Diagnostic imaging, code 73130 (specimen)",APC,250% OPPS,2025,,,,,1302.49,1341.56
HM-KHS-2025-0417,Highmark - Keystone Health System (Commercial PPO),C.3 Outpatient,Outpatient,Keystone Imaging Center,CPT,73250,"Diagnostic imaging, code 73250 (specimen)",APC,250% OPPS,2025,,,,,491.00,505.73
HM-KHS-2025-0417,Highmark - Keystone Health System (Commercial PPO),C.3 Outpatient,Outpatient,Keystone Imaging Center,CPT,73370,"Diagnostic imaging, code 73370 (specimen)",APC,250% OPPS,2025,,,,,615.44,633.90
HM-KHS-2025-0417,Highmark - Keystone Health System (Commercial PPO),C.3 Outpatient,Outpatient,Keystone Imaging Center,CPT,73490,"Diagnostic imaging, code 73490 (specimen)",APC,250% OPPS,2025,,,,,967.06,996.07
HM-KHS-2025-0417,Highmark - Keystone Health System (Commercial PPO),C.3 Outpatient,Outpatient,Keystone Imaging Center,CPT,73610,"Diagnostic imaging, code 73610 (specimen)",APC,250% OPPS,2025,,,,,440.00,453.20
HM-KHS-2025-0417,Highmark - Keystone Health System (Commercial PPO),C.3 Outpatient,Outpatient,Keystone Imaging Center,CPT,73730,"Diagnostic imaging, code 73730 (specimen)",APC,250% OPPS,2025,,,,,683.94,704.46
HM-KHS-2025-0417,Highmark - Keystone Health System (Commercial PPO),C.3 Outpatient,Outpatient,Keystone Imaging Center,CPT,73850,"Diagnostic imaging, code 73850 (specimen)",APC,250% OPPS,2025,,,,,934.69,962.73
HM-KHS-2025-0417,Highmark - Keystone Health System (Commercial PPO),C.3 Outpatient,Outpatient,Keystone Imaging Center,CPT,73970,"Diagnostic imaging, code 73970 (specimen)",APC,250% OPPS,2025,,,,,1343.29,1383.59
HM-KHS-2025-0417,Highmark - Keystone Health System (Commercial PPO),C.3 Outpatient,Outpatient,Keystone Imaging Center,CPT,74090,"Diagnostic imaging, code 74090 (specimen)",APC,250% OPPS,2025,,,,,181.55,187.00
HM-KHS-2025-0417,Highmark - Keystone Health System (Commercial PPO),C.3 Outpatient,Outpatient,Keystone Imaging Center,CPT,74210,"Diagnostic imaging, code 74210 (specimen)",APC,250% OPPS,2025,,,,,482.26,496.73
HM-KHS-2025-0417,Highmark - Keystone Health System (Commercial PPO),C.3 Outpatient,Outpatient,Keystone Imaging Center,CPT,74330,"Diagnostic imaging, code 74330 (specimen)",APC,250% OPPS,2025,,,,,847.54,872.97
HM-KHS-2025-0417,Highmark - Keystone Health System (Commercial PPO),C.3 Outpatient,Outpatient,Keystone Imaging Center,CPT,74450,"Diagnostic imaging, code 74450 (specimen)",APC,250% OPPS,2025,,,,,376.59,387.89
HM-KHS-2025-0417,Highmark - Keystone Health System (Commercial PPO),C.3 Outpatient,Outpatient,Keystone Imaging Center,CPT,74570,"Diagnostic imaging, code 74570 (specimen)",APC,250% OPPS,2025,,,,,242.37,249.64
HM-KHS-2025-0417,Highmark - Keystone Health System (Commercial PPO),C.3 Outpatient,Outpatient,Keystone Imaging Center,CPT,74690,"Diagnostic imaging, code 74690 (specimen)",APC,250% OPPS,2025,,,,,84.72,87.26
HM-KHS-2025-0417,Highmark - Keystone Health System (Commercial PPO),C.3 Outpatient,Outpatient,Keystone Imaging Center,CPT,74810,"Diagnostic imaging, code 74810 (specimen)",APC,250% OPPS,2025,,,,,484.84,499.39
HM-KHS-2025-0417,Highmark - Keystone Health System (Commercial PPO),C.3 Outpatient,Outpatient,Keystone Imaging Center,CPT,74930,"Diagnostic imaging, code 74930 (specimen)",APC,250% OPPS,2025,,,,,1067.01,1099.02
HM-KHS-2025-0417,Highmark - Keystone Health System (Commercial PPO),C.3 Outpatient,Outpatient,Keystone Imaging Center,CPT,75050,"Diagnostic imaging, code 75050 (specimen)",APC,250% OPPS,2025,,,,,393.72,405.53
HM-KHS-2025-0417,Highmark - Keystone Health System (Commercial PPO),C.3 Outpatient,Outpatient,Keystone Imaging Center,CPT,75170,"Diagnostic imaging, code 75170 (specimen)",APC,250% OPPS,2025,,,,,485.36,499.92
HM-KHS-2025-0417,Highmark - Keystone Health System (Commercial PPO),C.3 Outpatient,Outpatient,Keystone Imaging Center,CPT,75290,"Diagnostic imaging, code 75290 (specimen)",APC,250% OPPS,2025,,,,,1184.90,1220.45
HM-KHS-2025-0417,Highmark - Keystone Health System (Commercial PPO),C.3 Outpatient,Outpatient,Keystone Imaging Center,CPT,75410,"Diagnostic imaging, code 75410 (specimen)",APC,250% OPPS,2025,,,,,821.65,846.30
HM-KHS-2025-0417,Highmark - Keystone Health System (Commercial PPO),C.3 Outpatient,Outpatient,Keystone Imaging Center,CPT,75530,"Diagnostic imaging, code 75530 (specimen)",APC,250% OPPS,2025,,,,,835.89,860.97
HM-KHS-2025-0417,Highmark - Keystone Health System (Commercial PPO),C.3 Outpatient,Outpatient,Keystone Imaging Center,CPT,75650,"Diagnostic imaging, code 75650 (specimen)",APC,250% OPPS,2025,,,,,489.59,504.28
HM-KHS-2025-0417,Highmark - Keystone Health System (Commercial PPO),C.3 Outpatient,Outpatient,Keystone Imaging Center,CPT,75770,"Diagnostic imaging, code 75770 (specimen)",APC,250% OPPS,2025,,,,,190.06,195.76
HM-KHS-2025-0417,Highmark - Keystone Health System (Commercial PPO),C.3 Outpatient,Outpatient,Keystone Imaging Center,CPT,75890,"Diagnostic imaging, code 75890 (specimen)",APC,250% OPPS,2025,,,,,134.65,138.69
HM-KHS-2025-0417,Highmark - Keystone Health System (Commercial PPO),C.3 Outpatient,Outpatient,Keystone Imaging Center,CPT,76010,"Diagnostic imaging, code 76010 (specimen)",APC,250% OPPS,2025,,,,,249.60,257.09
HM-KHS-2025-0417,Highmark - Keystone Health System (Commercial PPO),C.3 Outpatient,Outpatient,Keystone Imaging Center,CPT,76130,"Diagnostic imaging, code 76130 (specimen)",APC,250% OPPS,2025,,,,,626.40,645.19
HM-KHS-2025-0417,Highmark - Keystone Health System (Commercial PPO),C.3 Outpatient,Outpatient,Keystone Imaging Center,CPT,76250,"Diagnostic imaging, code 76250 (specimen)",APC,250% OPPS,2025,,,,,356.60,367.30
HM-KHS-2025-0417,Highmark - Keystone Health System (Commercial PPO),C.3 Outpatient,Outpatient,Keystone Imaging Center,CPT,76370,"Diagnostic imaging, code 76370 (specimen)",APC,250% OPPS,2025,,,,,1352.71,1393.29
HM-KHS-2025-0417,Highmark - Keystone Health System (Commercial PPO),C.3 Outpatient,Outpatient,Keystone Imaging Center,CPT,76490,"Diagnostic imaging, code 76490 (specimen)",APC,250% OPPS,2025,,,,,829.44,854.32
HM-KHS-2025-0417,Highmark - Keystone Health System (Commercial PPO),C.3 Outpatient,Outpatient,Keystone Imaging Center,CPT,76610,"Diagnostic imaging, code 76610 (specimen)",APC,250% OPPS,2025,,,,,964.26,993.19
HM-KHS-2025-0417,Highmark - Keystone Health System (Commercial PPO),C.3 Outpatient,Outpatient,Keystone Imaging Center,CPT,76730,"Diagnostic imaging, code 76730 (specimen)",APC,250% OPPS,2025,,,,,462.15,476.01
HM-KHS-2025-0417,Highmark - Keystone Health System (Commercial PPO),C.3 Outpatient,Outpatient,Keystone Imaging Center,CPT,76850,"Diagnostic imaging, code 76850 (specimen)",APC,250% OPPS,2025,,,,,437.05,450.16
HM-KHS-2025-0417,Highmark - Keystone Health System (Commercial PPO),C.3 Outpatient,Outpatient,Keystone Imaging Center,CPT,76970,"Diagnostic imaging, code 76970 (specimen)",APC,250% OPPS,2025,,,,,955.79,984.46
HM-KHS-2025-0417,Highmark - Keystone Health System (Commercial PPO),C.3 Outpatient,Outpatient,Keystone Imaging Center,CPT,77090,"Diagnostic imaging, code 77090 (specimen)",APC,250% OPPS,2025,,,,,373.67,384.88
HM-KHS-2025-0417,Highmark - Keystone Health System (Commercial PPO),C.3 Outpatient,Outpatient,Keystone Imaging Center,CPT,77210,"Diagnostic imaging, code 77210 (specimen)",APC,250% OPPS,2025,,,,,980.06,1009.46
HM-KHS-2025-0417,Highmark - Keystone Health System (Commercial PPO),C.3 Outpatient,Outpatient,Keystone Imaging Center,CPT,77330,"Diagnostic imaging, code 77330 (specimen)",APC,250% OPPS,2025,,,,,464.31,478.24
HM-KHS-2025-0417,Highmark - Keystone Health System (Commercial PPO),C.3 Outpatient,Outpatient,Keystone Imaging Center,CPT,77450,"Diagnostic imaging, code 77450 (specimen)",APC,250% OPPS,2025,,,,,1041.00,1072.23
HM-KHS-2025-0417,Highmark - Keystone Health System (Commercial PPO),C.3 Outpatient,Outpatient,Keystone Imaging Center,CPT,77570,"Diagnostic imaging, code 77570 (specimen)",APC,250% OPPS,2025,,,,,892.27,919.04
HM-KHS-2025-0417,Highmark - Keystone Health System (Commercial PPO),C.3 Outpatient,Outpatient,Keystone Imaging Center,CPT,77690,"Diagnostic imaging, code 77690 (specimen)",APC,250% OPPS,2025,,,,,1255.32,1292.98
HM-KHS-2025-0417,Highmark - Keystone Health System (Commercial PPO),C.3 Outpatient,Outpatient,Keystone Imaging Center,CPT,77810,"Diagnostic imaging, code 77810 (specimen)",APC,250% OPPS,2025,,,,,1147.46,1181.88
HM-KHS-2025-0417,Highmark - Keystone Health System (Commercial PPO),C.3 Outpatient,Outpatient,Keystone Imaging Center,CPT,77930,"Diagnostic imaging, code 77930 (specimen)",APC,250% OPPS,2025,,,,,1377.82,1419.15
HM-KHS-2025-0417,Highmark - Keystone Health System (Commercial PPO),C.3 Outpatient,Outpatient,Keystone Imaging Center,CPT,78050,"Diagnostic imaging, code 78050 (specimen)",APC,250% OPPS,2025,,,,,740.05,762.25
HM-KHS-2025-0417,Highmark - Keystone Health System (Commercial PPO),C.3 Outpatient,Outpatient,Keystone Imaging Center,CPT,78170,"Diagnostic imaging, code 78170 (specimen)",APC,250% OPPS,2025,,,,,1167.43,1202.45
HM-KHS-2025-0417,Highmark - Keystone Health System (Commercial PPO),C.3 Outpatient,Outpatient,Keystone Imaging Center,CPT,78290,"Diagnostic imaging, code 78290 (specimen)",APC,250% OPPS,2025,,,,,102.83,105.91
HM-KHS-2025-0417,Highmark - Keystone Health System (Commercial PPO),C.3 Outpatient,Outpatient,Keystone Imaging Center,CPT,78410,"Diagnostic imaging, code 78410 (specimen)",APC,250% OPPS,2025,,,,,619.50,638.09
HM-KHS-2025-0417,Highmark - Keystone Health System (Commercial PPO),C.3 Outpatient,Outpatient,Keystone Imaging Center,CPT,78530,"Diagnostic imaging, code 78530 (specimen)",APC,250% OPPS,2025,,,,,691.81,712.56
HM-KHS-2025-0417,Highmark - Keystone Health System (Commercial PPO),C.3 Outpatient,Outpatient,Keystone Imaging Center,CPT,78650,"Diagnostic imaging, code 78650 (specimen)",APC,250% OPPS,2025,,,,,506.89,522.10
HM-KHS-2025-0417,Highmark - Keystone Health System (Commercial PPO),C.3 Outpatient,Outpatient,Keystone Imaging Center,CPT,78770,"Diagnostic imaging, code 78770 (specimen)",APC,250% OPPS,2025,,,,,1047.89,1079.33
HM-KHS-2025-0417,Highmark - Keystone Health System (Commercial PPO),C.3 Outpatient,Outpatient,Keystone Imaging Center,CPT,78890,"Diagnostic imaging, code 78890 (specimen)",APC,250% OPPS,2025,,,,,49.22,50.70
HM-KHS-2025-0417,Highmark - Keystone Health System (Commercial PPO),C.3 Outpatient,Outpatient,Keystone Imaging Center,CPT,79010,"Diagnostic imaging, code 79010 (specimen)",APC,250% OPPS,2025,,,,,247.74,255.17
HM-KHS-2025-0417,Highmark - Keystone Health System (Commercial PPO),C.3 Outpatient,Outpatient,Keystone Imaging Center,CPT,79130,"Diagnostic imaging, code 79130 (specimen)",APC,250% OPPS,2025,,,,,1145.43,1179.79
HM-KHS-2025-0417,Highmark - Keystone Health System (Commercial PPO),C.3 Outpatient,Outpatient,Keystone Imaging Center,CPT,79250,"Diagnostic imaging, code 79250 (specimen)",APC,250% OPPS,2025,,,,,1226.93,1263.74
HM-KHS-2025-0417,Highmark - Keystone Health System (Commercial PPO),C.3 Outpatient,Outpatient,Keystone Imaging Center,CPT,79370,"Diagnostic imaging, code 79370 (specimen)",APC,250% OPPS,2025,,,,,479.60,493.99
HM-KHS-2025-0417,Highmark - Keystone Health System (Commercial PPO),C.3 Outpatient,Outpatient,Keystone Imaging Center,CPT,79490,"Diagnostic imaging, code 79490 (specimen)",APC,250% OPPS,2025,,,,,237.86,245.00
HM-KHS-2025-0417,Highmark - Keystone Health System (Commercial PPO),C.3 Outpatient,Outpatient,Keystone Imaging Center,CPT,79610,"Diagnostic imaging, code 79610 (specimen)",APC,250% OPPS,2025,,,,,576.73,594.03
HM-KHS-2025-0417,Highmark - Keystone Health System (Commercial PPO),C.3 Outpatient,Outpatient,Keystone Imaging Center,CPT,79730,"Diagnostic imaging, code 79730 (specimen)",APC,250% OPPS,2025,,,,,1252.36,1289.93
HM-KHS-2025-0417,Highmark - Keystone Health System (Commercial PPO),C.3 Outpatient,Outpatient,Keystone Imaging Center,CPT,79850,"Diagnostic imaging, code 79850 (specimen)",APC,250% OPPS,2025,,,,,1141.95,1176.21
HM-KHS-2025-0417,Highmark - Keystone Health System (Commercial PPO),C.3 Outpatient,Outpatient,Keystone Imaging Center,CPT,79970,"Diagnostic imaging, code 79970 (specimen)",APC,250% OPPS,2025,,,,,686.44,707.03
HM-KHS-2025-0417,Highmark - Keystone Health System (Commercial PPO),C.5 Ancillary,Ancillary,Keystone Imaging Center,CPT,80047,"Lab / pathology test, code 80047 (specimen)",FEE_SCHEDULE,Fee schedule,2025,,,,,208.85,215.12
HM-KHS-2025-0417,Highmark - Keystone Health System (Commercial PPO),C.5 Ancillary,Ancillary,Keystone Imaging Center,CPT,80132,"Lab / pathology test, code 80132 (specimen)",FEE_SCHEDULE,Fee schedule,2025,,,,,152.18,156.75
HM-KHS-2025-0417,Highmark - Keystone Health System (Commercial PPO),C.5 Ancillary,Ancillary,Keystone Imaging Center,CPT,80217,"Lab / pathology test, code 80217 (specimen)",FEE_SCHEDULE,Fee schedule,2025,,,,,188.99,194.66
HM-KHS-2025-0417,Highmark - Keystone Health System (Commercial PPO),C.5 Ancillary,Ancillary,Keystone Imaging Center,CPT,80302,"Lab / pathology test, code 80302 (specimen)",FEE_SCHEDULE,Fee schedule,2025,,,,,116.78,120.28
HM-KHS-2025-0417,Highmark - Keystone Health System (Commercial PPO),C.5 Ancillary,Ancillary,Keystone Imaging Center,CPT,80387,"Lab / pathology test, code 80387 (specimen)",FEE_SCHEDULE,Fee schedule,2025,,,,,17.63,18.16
HM-KHS-2025-0417,Highmark - Keystone Health System (Commercial PPO),C.5 Ancillary,Ancillary,Keystone Imaging Center,CPT,80472,"Lab / pathology test, code 80472 (specimen)",FEE_SCHEDULE,Fee schedule,2025,,,,,134.72,138.76
HM-KHS-2025-0417,Highmark - Keystone Health System (Commercial PPO),C.5 Ancillary,Ancillary,Keystone Imaging Center,CPT,80557,"Lab / pathology test, code 80557 (specimen)",FEE_SCHEDULE,Fee schedule,2025,,,,,109.86,113.16
HM-KHS-2025-0417,Highmark - Keystone Health System (Commercial PPO),C.5 Ancillary,Ancillary,Keystone Imaging Center,CPT,80642,"Lab / pathology test, code 80642 (specimen)",FEE_SCHEDULE,Fee schedule,2025,,,,,33.26,34.26
HM-KHS-2025-0417,Highmark - Keystone Health System (Commercial PPO),C.5 Ancillary,Ancillary,Keystone Imaging Center,CPT,80727,"Lab / pathology test, code 80727 (specimen)",FEE_SCHEDULE,Fee schedule,2025,,,,,149.97,154.47
HM-KHS-2025-0417,Highmark - Keystone Health System (Commercial PPO),C.5 Ancillary,Ancillary,Keystone Imaging Center,CPT,80812,"Lab / pathology test, code 80812 (specimen)",FEE_SCHEDULE,Fee schedule,2025,,,,,120.66,124.28
HM-KHS-2025-0417,Highmark - Keystone Health System (Commercial PPO),C.5 Ancillary,Ancillary,Keystone Imaging Center,CPT,80897,"Lab / pathology test, code 80897 (specimen)",FEE_SCHEDULE,Fee schedule,2025,,,,,68.48,70.53
HM-KHS-2025-0417,Highmark - Keystone Health System (Commercial PPO),C.5 Ancillary,Ancillary,Keystone Imaging Center,CPT,80982,"Lab / pathology test, code 80982 (specimen)",FEE_SCHEDULE,Fee schedule,2025,,,,,159.85,164.65
HM-KHS-2025-0417,Highmark - Keystone Health System (Commercial PPO),C.5 Ancillary,Ancillary,Keystone Imaging Center,CPT,81067,"Lab / pathology test, code 81067 (specimen)",FEE_SCHEDULE,Fee schedule,2025,,,,,137.45,141.57
HM-KHS-2025-0417,Highmark - Keystone Health System (Commercial PPO),C.5 Ancillary,Ancillary,Keystone Imaging Center,CPT,81152,"Lab / pathology test, code 81152 (specimen)",FEE_SCHEDULE,Fee schedule,2025,,,,,216.32,222.81
HM-KHS-2025-0417,Highmark - Keystone Health System (Commercial PPO),C.5 Ancillary,Ancillary,Keystone Imaging Center,CPT,81237,"Lab / pathology test, code 81237 (specimen)",FEE_SCHEDULE,Fee schedule,2025,,,,,75.64,77.91
HM-KHS-2025-0417,Highmark - Keystone Health System (Commercial PPO),C.5 Ancillary,Ancillary,Keystone Imaging Center,CPT,81322,"Lab / pathology test, code 81322 (specimen)",FEE_SCHEDULE,Fee schedule,2025,,,,,169.96,175.06
HM-KHS-2025-0417,Highmark - Keystone Health System (Commercial PPO),C.5 Ancillary,Ancillary,Keystone Imaging Center,CPT,81407,"Lab / pathology test, code 81407 (specimen)",FEE_SCHEDULE,Fee schedule,2025,,,,,213.62,220.03
HM-KHS-2025-0417,Highmark - Keystone Health System (Commercial PPO),C.5 Ancillary,Ancillary,Keystone Imaging Center,CPT,81492,"Lab / pathology test, code 81492 (specimen)",FEE_SCHEDULE,Fee schedule,2025,,,,,112.43,115.80
HM-KHS-2025-0417,Highmark - Keystone Health System (Commercial PPO),C.5 Ancillary,Ancillary,Keystone Imaging Center,CPT,81577,"Lab / pathology test, code 81577 (specimen)",FEE_SCHEDULE,Fee schedule,2025,,,,,143.60,147.91
HM-KHS-2025-0417,Highmark - Keystone Health System (Commercial PPO),C.5 Ancillary,Ancillary,Keystone Imaging Center,CPT,81662,"Lab / pathology test, code 81662 (specimen)",FEE_SCHEDULE,Fee schedule,2025,,,,,152.75,157.33
HM-KHS-2025-0417,Highmark - Keystone Health System (Commercial PPO),C.5 Ancillary,Ancillary,Keystone Imaging Center,CPT,81747,"Lab / pathology test, code 81747 (specimen)",FEE_SCHEDULE,Fee schedule,2025,,,,,193.62,199.43
HM-KHS-2025-0417,Highmark - Keystone Health System (Commercial PPO),C.5 Ancillary,Ancillary,Keystone Imaging Center,CPT,81832,"Lab / pathology test, code 81832 (specimen)",FEE_SCHEDULE,Fee schedule,2025,,,,,161.23,166.07
HM-KHS-2025-0417,Highmark - Keystone Health System (Commercial PPO),C.5 Ancillary,Ancillary,Keystone Imaging Center,CPT,81917,"Lab / pathology test, code 81917 (specimen)",FEE_SCHEDULE,Fee schedule,2025,,,,,200.87,206.90
HM-KHS-2025-0417,Highmark - Keystone Health System (Commercial PPO),C.5 Ancillary,Ancillary,Keystone Imaging Center,CPT,82002,"Lab / pathology test, code 82002 (specimen)",FEE_SCHEDULE,Fee schedule,2025,,,,,90.01,92.71
HM-KHS-2025-0417,Highmark - Keystone Health System (Commercial PPO),C.5 Ancillary,Ancillary,Keystone Imaging Center,CPT,82087,"Lab / pathology test, code 82087 (specimen)",FEE_SCHEDULE,Fee schedule,2025,,,,,115.63,119.10
HM-KHS-2025-0417,Highmark - Keystone Health System (Commercial PPO),C.5 Ancillary,Ancillary,Keystone Imaging Center,CPT,82172,"Lab / pathology test, code 82172 (specimen)",FEE_SCHEDULE,Fee schedule,2025,,,,,121.95,125.61
HM-KHS-2025-0417,Highmark - Keystone Health System (Commercial PPO),C.5 Ancillary,Ancillary,Keystone Imaging Center,CPT,82257,"Lab / pathology test, code 82257 (specimen)",FEE_SCHEDULE,Fee schedule,2025,,,,,151.23,155.77
HM-KHS-2025-0417,Highmark - Keystone Health System (Commercial PPO),C.5 Ancillary,Ancillary,Keystone Imaging Center,CPT,82342,"Lab / pathology test, code 82342 (specimen)",FEE_SCHEDULE,Fee schedule,2025,,,,,107.31,110.53
HM-KHS-2025-0417,Highmark - Keystone Health System (Commercial PPO),C.5 Ancillary,Ancillary,Keystone Imaging Center,CPT,82427,"Lab / pathology test, code 82427 (specimen)",FEE_SCHEDULE,Fee schedule,2025,,,,,80.73,83.15
HM-KHS-2025-0417,Highmark - Keystone Health System (Commercial PPO),C.5 Ancillary,Ancillary,Keystone Imaging Center,CPT,82512,"Lab / pathology test, code 82512 (specimen)",FEE_SCHEDULE,Fee schedule,2025,,,,,81.63,84.08
HM-KHS-2025-0417,Highmark - Keystone Health System (Commercial PPO),C.5 Ancillary,Ancillary,Keystone Imaging Center,CPT,82597,"Lab / pathology test, code 82597 (specimen)",FEE_SCHEDULE,Fee schedule,2025,,,,,166.27,171.26
HM-KHS-2025-0417,Highmark - Keystone Health System (Commercial PPO),C.5 Ancillary,Ancillary,Keystone Imaging Center,CPT,82682,"Lab / pathology test, code 82682 (specimen)",FEE_SCHEDULE,Fee schedule,2025,,,,,12.14,12.50
HM-KHS-2025-0417,Highmark - Keystone Health System (Commercial PPO),C.5 Ancillary,Ancillary,Keystone Imaging Center,CPT,82767,"Lab / pathology test, code 82767 (specimen)",FEE_SCHEDULE,Fee schedule,2025,,,,,8.36,8.61
HM-KHS-2025-0417,Highmark - Keystone Health System (Commercial PPO),C.5 Ancillary,Ancillary,Keystone Imaging Center,CPT,82852,"Lab / pathology test, code 82852 (specimen)",FEE_SCHEDULE,Fee schedule,2025,,,,,180.68,186.10
HM-KHS-2025-0417,Highmark - Keystone Health System (Commercial PPO),C.5 Ancillary,Ancillary,Keystone Imaging Center,CPT,82937,"Lab / pathology test, code 82937 (specimen)",FEE_SCHEDULE,Fee schedule,2025,,,,,153.77,158.38
HM-KHS-2025-0417,Highmark - Keystone Health System (Commercial PPO),C.5 Ancillary,Ancillary,Keystone Imaging Center,CPT,83022,"Lab / pathology test, code 83022 (specimen)",FEE_SCHEDULE,Fee schedule,2025,,,,,156.37,161.06
HM-KHS-2025-0417,Highmark - Keystone Health System (Commercial PPO),C.5 Ancillary,Ancillary,Keystone Imaging Center,CPT,83107,"Lab / pathology test, code 83107 (specimen)",FEE_SCHEDULE,Fee schedule,2025,,,,,156.96,161.67
HM-KHS-2025-0417,Highmark - Keystone Health System (Commercial PPO),C.5 Ancillary,Ancillary,Keystone Imaging Center,CPT,83192,"Lab / pathology test, code 83192 (specimen)",FEE_SCHEDULE,Fee schedule,2025,,,,,69.05,71.12
HM-KHS-2025-0417,Highmark - Keystone Health System (Commercial PPO),C.5 Ancillary,Ancillary,Keystone Imaging Center,CPT,83277,"Lab / pathology test, code 83277 (specimen)",FEE_SCHEDULE,Fee schedule,2025,,,,,176.45,181.74
HM-KHS-2025-0417,Highmark - Keystone Health System (Commercial PPO),C.5 Ancillary,Ancillary,Keystone Imaging Center,CPT,83362,"Lab / pathology test, code 83362 (specimen)",FEE_SCHEDULE,Fee schedule,2025,,,,,22.38,23.05
HM-KHS-2025-0417,Highmark - Keystone Health System (Commercial PPO),C.5 Ancillary,Ancillary,Keystone Imaging Center,CPT,83447,"Lab / pathology test, code 83447 (specimen)",FEE_SCHEDULE,Fee schedule,2025,,,,,29.77,30.66
HM-KHS-2025-0417,Highmark - Keystone Health System (Commercial PPO),C.5 Ancillary,Ancillary,Keystone Imaging Center,CPT,83532,"Lab / pathology test, code 83532 (specimen)",FEE_SCHEDULE,Fee schedule,2025,,,,,74.24,76.47
HM-KHS-2025-0417,Highmark - Keystone Health System (Commercial PPO),C.5 Ancillary,Ancillary,Keystone Imaging Center,CPT,83617,"Lab / pathology test, code 83617 (specimen)",FEE_SCHEDULE,Fee schedule,2025,,,,,212.82,219.20
HM-KHS-2025-0417,Highmark - Keystone Health System (Commercial PPO),C.5 Ancillary,Ancillary,Keystone Imaging Center,CPT,83702,"Lab / pathology test, code 83702 (specimen)",FEE_SCHEDULE,Fee schedule,2025,,,,,218.26,224.81
HM-KHS-2025-0417,Highmark - Keystone Health System (Commercial PPO),C.5 Ancillary,Ancillary,Keystone Imaging Center,CPT,83787,"Lab / pathology test, code 83787 (specimen)",FEE_SCHEDULE,Fee schedule,2025,,,,,66.58,68.58
HM-KHS-2025-0417,Highmark - Keystone Health System (Commercial PPO),C.5 Ancillary,Ancillary,Keystone Imaging Center,CPT,83872,"Lab / pathology test, code 83872 (specimen)",FEE_SCHEDULE,Fee schedule,2025,,,,,162.36,167.23
HM-KHS-2025-0417,Highmark - Keystone Health System (Commercial PPO),C.5 Ancillary,Ancillary,Keystone Imaging Center,CPT,83957,"Lab / pathology test, code 83957 (specimen)",FEE_SCHEDULE,Fee schedule,2025,,,,,182.76,188.24
HM-KHS-2025-0417,Highmark - Keystone Health System (Commercial PPO),C.5 Ancillary,Ancillary,Keystone Imaging Center,CPT,84042,"Lab / pathology test, code 84042 (specimen)",FEE_SCHEDULE,Fee schedule,2025,,,,,182.31,187.78
HM-KHS-2025-0417,Highmark - Keystone Health System (Commercial PPO),C.5 Ancillary,Ancillary,Keystone Imaging Center,CPT,84127,"Lab / pathology test, code 84127 (specimen)",FEE_SCHEDULE,Fee schedule,2025,,,,,139.99,144.19
HM-KHS-2025-0417,Highmark - Keystone Health System (Commercial PPO),C.5 Ancillary,Ancillary,Keystone Imaging Center,CPT,84212,"Lab / pathology test, code 84212 (specimen)",FEE_SCHEDULE,Fee schedule,2025,,,,,95.55,98.42
HM-KHS-2025-0417,Highmark - Keystone Health System (Commercial PPO),C.5 Ancillary,Ancillary,Keystone Imaging Center,CPT,84297,"Lab / pathology test, code 84297 (specimen)",FEE_SCHEDULE,Fee schedule,2025,,,,,104.04,107.16
HM-KHS-2025-0417,Highmark - Keystone Health System (Commercial PPO),C.5 Ancillary,Ancillary,Keystone Imaging Center,CPT,84382,"Lab / pathology test, code 84382 (specimen)",FEE_SCHEDULE,Fee schedule,2025,,,,,150.35,154.86
HM-KHS-2025-0417,Highmark - Keystone Health System (Commercial PPO),C.5 Ancillary,Ancillary,Keystone Imaging Center,CPT,84467,"Lab / pathology test, code 84467 (specimen)",FEE_SCHEDULE,Fee schedule,2025,,,,,158.74,163.50
HM-KHS-2025-0417,Highmark - Keystone Health System (Commercial PPO),C.5 Ancillary,Ancillary,Keystone Imaging Center,CPT,84552,"Lab / pathology test, code 84552 (specimen)",FEE_SCHEDULE,Fee schedule,2025,,,,,211.97,218.33
HM-KHS-2025-0417,Highmark - Keystone Health System (Commercial PPO),C.5 Ancillary,Ancillary,Keystone Imaging Center,CPT,84637,"Lab / pathology test, code 84637 (specimen)",FEE_SCHEDULE,Fee schedule,2025,,,,,72.63,74.81
HM-KHS-2025-0417,Highmark - Keystone Health System (Commercial PPO),C.5 Ancillary,Ancillary,Keystone Imaging Center,CPT,84722,"Lab / pathology test, code 84722 (specimen)",FEE_SCHEDULE,Fee schedule,2025,,,,,45.74,47.11
HM-KHS-2025-0417,Highmark - Keystone Health System (Commercial PPO),C.5 Ancillary,Ancillary,Keystone Imaging Center,CPT,84807,"Lab / pathology test, code 84807 (specimen)",FEE_SCHEDULE,Fee schedule,2025,,,,,191.79,197.54
HM-KHS-2025-0417,Highmark - Keystone Health System (Commercial PPO),C.5 Ancillary,Ancillary,Keystone Imaging Center,CPT,84892,"Lab / pathology test, code 84892 (specimen)",FEE_SCHEDULE,Fee schedule,2025,,,,,122.47,126.14
HM-KHS-2025-0417,Highmark - Keystone Health System (Commercial PPO),C.5 Ancillary,Ancillary,Keystone Imaging Center,CPT,84977,"Lab / pathology test, code 84977 (specimen)",FEE_SCHEDULE,Fee schedule,2025,,,,,202.37,208.44
HM-KHS-2025-0417,Highmark - Keystone Health System (Commercial PPO),C.5 Ancillary,Ancillary,Keystone Imaging Center,CPT,85062,"Lab / pathology test, code 85062 (specimen)",FEE_SCHEDULE,Fee schedule,2025,,,,,170.35,175.46
HM-KHS-2025-0417,Highmark - Keystone Health System (Commercial PPO),C.5 Ancillary,Ancillary,Keystone Imaging Center,CPT,85147,"Lab / pathology test, code 85147 (specimen)",FEE_SCHEDULE,Fee schedule,2025,,,,,130.58,134.50
HM-KHS-2025-0417,Highmark - Keystone Health System (Commercial PPO),C.5 Ancillary,Ancillary,Keystone Imaging Center,CPT,85232,"Lab / pathology test, code 85232 (specimen)",FEE_SCHEDULE,Fee schedule,2025,,,,,86.49,89.08
HM-KHS-2025-0417,Highmark - Keystone Health System (Commercial PPO),C.5 Ancillary,Ancillary,Keystone Imaging Center,CPT,85317,"Lab / pathology test, code 85317 (specimen)",FEE_SCHEDULE,Fee schedule,2025,,,,,209.61,215.90
HM-KHS-2025-0417,Highmark - Keystone Health System (Commercial PPO),C.5 Ancillary,Ancillary,Keystone Imaging Center,CPT,85402,"Lab / pathology test, code 85402 (specimen)",FEE_SCHEDULE,Fee schedule,2025,,,,,134.43,138.46
HM-KHS-2025-0417,Highmark - Keystone Health System (Commercial PPO),C.5 Ancillary,Ancillary,Keystone Imaging Center,CPT,85487,"Lab / pathology test, code 85487 (specimen)",FEE_SCHEDULE,Fee schedule,2025,,,,,56.51,58.21
HM-KHS-2025-0417,Highmark - Keystone Health System (Commercial PPO),C.5 Ancillary,Ancillary,Keystone Imaging Center,CPT,85572,"Lab / pathology test, code 85572 (specimen)",FEE_SCHEDULE,Fee schedule,2025,,,,,173.49,178.69
HM-KHS-2025-0417,Highmark - Keystone Health System (Commercial PPO),C.5 Ancillary,Ancillary,Keystone Imaging Center,CPT,85657,"Lab / pathology test, code 85657 (specimen)",FEE_SCHEDULE,Fee schedule,2025,,,,,67.86,69.90
HM-KHS-2025-0417,Highmark - Keystone Health System (Commercial PPO),C.5 Ancillary,Ancillary,Keystone Imaging Center,CPT,85742,"Lab / pathology test, code 85742 (specimen)",FEE_SCHEDULE,Fee schedule,2025,,,,,18.03,18.57
HM-KHS-2025-0417,Highmark - Keystone Health System (Commercial PPO),C.5 Ancillary,Ancillary,Keystone Imaging Center,CPT,85827,"Lab / pathology test, code 85827 (specimen)",FEE_SCHEDULE,Fee schedule,2025,,,,,22.73,23.41
HM-KHS-2025-0417,Highmark - Keystone Health System (Commercial PPO),C.5 Ancillary,Ancillary,Keystone Imaging Center,CPT,85912,"Lab / pathology test, code 85912 (specimen)",FEE_SCHEDULE,Fee schedule,2025,,,,,136.46,140.55
HM-KHS-2025-0417,Highmark - Keystone Health System (Commercial PPO),C.5 Ancillary,Ancillary,Keystone Imaging Center,CPT,85997,"Lab / pathology test, code 85997 (specimen)",FEE_SCHEDULE,Fee schedule,2025,,,,,77.00,79.31
HM-KHS-2025-0417,Highmark - Keystone Health System (Commercial PPO),C.5 Ancillary,Ancillary,Keystone Imaging Center,CPT,86082,"Lab / pathology test, code 86082 (specimen)",FEE_SCHEDULE,Fee schedule,2025,,,,,69.31,71.39
HM-KHS-2025-0417,Highmark - Keystone Health System (Commercial PPO),C.5 Ancillary,Ancillary,Keystone Imaging Center,CPT,86167,"Lab / pathology test, code 86167 (specimen)",FEE_SCHEDULE,Fee schedule,2025,,,,,27.38,28.20
HM-KHS-2025-0417,Highmark - Keystone Health System (Commercial PPO),C.5 Ancillary,Ancillary,Keystone Imaging Center,CPT,86252,"Lab / pathology test, code 86252 (specimen)",FEE_SCHEDULE,Fee schedule,2025,,,,,175.70,180.97
HM-KHS-2025-0417,Highmark - Keystone Health System (Commercial PPO),C.5 Ancillary,Ancillary,Keystone Imaging Center,CPT,86337,"Lab / pathology test, code 86337 (specimen)",FEE_SCHEDULE,Fee schedule,2025,,,,,137.16,141.27
HM-KHS-2025-0417,Highmark - Keystone Health System (Commercial PPO),C.5 Ancillary,Ancillary,Keystone Imaging Center,CPT,86422,"Lab / pathology test, code 86422 (specimen)",FEE_SCHEDULE,Fee schedule,2025,,,,,125.61,129.38
HM-KHS-2025-0417,Highmark - Keystone Health System (Commercial PPO),C.5 Ancillary,Ancillary,Keystone Imaging Center,CPT,86507,"Lab / pathology test, code 86507 (specimen)",FEE_SCHEDULE,Fee schedule,2025,,,,,69.61,71.70
HM-KHS-2025-0417,Highmark - Keystone Health System (Commercial PPO),C.5 Ancillary,Ancillary,Keystone Imaging Center,CPT,86592,"Lab / pathology test, code 86592 (specimen)",FEE_SCHEDULE,Fee schedule,2025,,,,,204.81,210.95
HM-KHS-2025-0417,Highmark - Keystone Health System (Commercial PPO),C.5 Ancillary,Ancillary,Keystone Imaging Center,CPT,86677,"Lab / pathology test, code 86677 (specimen)",FEE_SCHEDULE,Fee schedule,2025,,,,,101.30,104.34
HM-KHS-2025-0417,Highmark - Keystone Health System (Commercial PPO),C.5 Ancillary,Ancillary,Keystone Imaging Center,CPT,86762,"Lab / pathology test, code 86762 (specimen)",FEE_SCHEDULE,Fee schedule,2025,,,,,149.29,153.77
HM-KHS-2025-0417,Highmark - Keystone Health System (Commercial PPO),C.5 Ancillary,Ancillary,Keystone Imaging Center,CPT,86847,"Lab / pathology test, code 86847 (specimen)",FEE_SCHEDULE,Fee schedule,2025,,,,,24.53,25.27
HM-KHS-2025-0417,Highmark - Keystone Health System (Commercial PPO),C.5 Ancillary,Ancillary,Keystone Imaging Center,CPT,86932,"Lab / pathology test, code 86932 (specimen)",FEE_SCHEDULE,Fee schedule,2025,,,,,177.43,182.75
HM-KHS-2025-0417,Highmark - Keystone Health System (Commercial PPO),C.5 Ancillary,Ancillary,Keystone Imaging Center,CPT,87017,"Lab / pathology test, code 87017 (specimen)",FEE_SCHEDULE,Fee schedule,2025,,,,,201.16,207.19
HM-KHS-2025-0417,Highmark - Keystone Health System (Commercial PPO),C.5 Ancillary,Ancillary,Keystone Imaging Center,CPT,87102,"Lab / pathology test, code 87102 (specimen)",FEE_SCHEDULE,Fee schedule,2025,,,,,156.72,161.42
HM-KHS-2025-0417,Highmark - Keystone Health System (Commercial PPO),C.5 Ancillary,Ancillary,Keystone Imaging Center,CPT,87187,"Lab / pathology test, code 87187 (specimen)",FEE_SCHEDULE,Fee schedule,2025,,,,,189.02,194.69
HM-KHS-2025-0417,Highmark - Keystone Health System (Commercial PPO),C.5 Ancillary,Ancillary,Keystone Imaging Center,CPT,87272,"Lab / pathology test, code 87272 (specimen)",FEE_SCHEDULE,Fee schedule,2025,,,,,145.83,150.20
HM-KHS-2025-0417,Highmark - Keystone Health System (Commercial PPO),C.5 Ancillary,Ancillary,Keystone Imaging Center,CPT,87357,"Lab / pathology test, code 87357 (specimen)",FEE_SCHEDULE,Fee schedule,2025,,,,,64.14,66.06
HM-KHS-2025-0417,Highmark - Keystone Health System (Commercial PPO),C.5 Ancillary,Ancillary,Keystone Imaging Center,CPT,87442,"Lab / pathology test, code 87442 (specimen)",FEE_SCHEDULE,Fee schedule,2025,,,,,202.37,208.44
HM-KHS-2025-0417,Highmark - Keystone Health System (Commercial PPO),C.5 Ancillary,Ancillary,Keystone Imaging Center,CPT,87527,"Lab / pathology test, code 87527 (specimen)",FEE_SCHEDULE,Fee schedule,2025,,,,,68.18,70.23
HM-KHS-2025-0417,Highmark - Keystone Health System (Commercial PPO),C.5 Ancillary,Ancillary,Keystone Imaging Center,CPT,87612,"Lab / pathology test, code 87612 (specimen)",FEE_SCHEDULE,Fee schedule,2025,,,,,194.30,200.13
HM-KHS-2025-0417,Highmark - Keystone Health System (Commercial PPO),C.5 Ancillary,Ancillary,Keystone Imaging Center,CPT,87697,"Lab / pathology test, code 87697 (specimen)",FEE_SCHEDULE,Fee schedule,2025,,,,,163.24,168.14
HM-KHS-2025-0417,Highmark - Keystone Health System (Commercial PPO),C.5 Ancillary,Ancillary,Keystone Imaging Center,CPT,87782,"Lab / pathology test, code 87782 (specimen)",FEE_SCHEDULE,Fee schedule,2025,,,,,126.98,130.79
HM-KHS-2025-0417,Highmark - Keystone Health System (Commercial PPO),C.5 Ancillary,Ancillary,Keystone Imaging Center,CPT,87867,"Lab / pathology test, code 87867 (specimen)",FEE_SCHEDULE,Fee schedule,2025,,,,,63.02,64.91
HM-KHS-2025-0417,Highmark - Keystone Health System (Commercial PPO),C.5 Ancillary,Ancillary,Keystone Imaging Center,CPT,87952,"Lab / pathology test, code 87952 (specimen)",FEE_SCHEDULE,Fee schedule,2025,,,,,192.16,197.92
HM-KHS-2025-0417,Highmark - Keystone Health System (Commercial PPO),C.5 Ancillary,Ancillary,Keystone Imaging Center,CPT,88037,"Lab / pathology test, code 88037 (specimen)",FEE_SCHEDULE,Fee schedule,2025,,,,,172.98,178.17
HM-KHS-2025-0417,Highmark - Keystone Health System (Commercial PPO),C.5 Ancillary,Ancillary,Keystone Imaging Center,CPT,88122,"Lab / pathology test, code 88122 (specimen)",FEE_SCHEDULE,Fee schedule,2025,,,,,67.12,69.13
HM-KHS-2025-0417,Highmark - Keystone Health System (Commercial PPO),C.5 Ancillary,Ancillary,Keystone Imaging Center,CPT,88207,"Lab / pathology test, code 88207 (specimen)",FEE_SCHEDULE,Fee schedule,2025,,,,,105.58,108.75
HM-KHS-2025-0417,Highmark - Keystone Health System (Commercial PPO),C.5 Ancillary,Ancillary,Keystone Imaging Center,CPT,88292,"Lab / pathology test, code 88292 (specimen)",FEE_SCHEDULE,Fee schedule,2025,,,,,19.26,19.84
HM-KHS-2025-0417,Highmark - Keystone Health System (Commercial PPO),C.5 Ancillary,Ancillary,Keystone Imaging Center,CPT,88377,"Lab / pathology test, code 88377 (specimen)",FEE_SCHEDULE,Fee schedule,2025,,,,,129.16,133.03
HM-KHS-2025-0417,Highmark - Keystone Health System (Commercial PPO),C.5 Ancillary,Ancillary,Keystone Imaging Center,CPT,88462,"Lab / pathology test, code 88462 (specimen)",FEE_SCHEDULE,Fee schedule,2025,,,,,35.93,37.01
HM-KHS-2025-0417,Highmark - Keystone Health System (Commercial PPO),C.5 Ancillary,Ancillary,Keystone Imaging Center,CPT,88547,"Lab / pathology test, code 88547 (specimen)",FEE_SCHEDULE,Fee schedule,2025,,,,,217.47,223.99
HM-KHS-2025-0417,Highmark - Keystone Health System (Commercial PPO),C.5 Ancillary,Ancillary,Keystone Imaging Center,CPT,88632,"Lab / pathology test, code 88632 (specimen)",FEE_SCHEDULE,Fee schedule,2025,,,,,62.56,64.44
HM-KHS-2025-0417,Highmark - Keystone Health System (Commercial PPO),C.5 Ancillary,Ancillary,Keystone Imaging Center,CPT,88717,"Lab / pathology test, code 88717 (specimen)",FEE_SCHEDULE,Fee schedule,2025,,,,,142.99,147.28
HM-KHS-2025-0417,Highmark - Keystone Health System (Commercial PPO),C.5 Ancillary,Ancillary,Keystone Imaging Center,CPT,88802,"Lab / pathology test, code 88802 (specimen)",FEE_SCHEDULE,Fee schedule,2025,,,,,168.51,173.57
HM-KHS-2025-0417,Highmark - Keystone Health System (Commercial PPO),C.5 Ancillary,Ancillary,Keystone Imaging Center,CPT,88887,"Lab / pathology test, code 88887 (specimen)",FEE_SCHEDULE,Fee schedule,2025,,,,,121.36,125.00
HM-KHS-2025-0417,Highmark - Keystone Health System (Commercial PPO),C.5 Ancillary,Ancillary,Keystone Imaging Center,CPT,88972,"Lab / pathology test, code 88972 (specimen)",FEE_SCHEDULE,Fee schedule,2025,,,,,123.64,127.35
HM-KHS-2025-0417,Highmark - Keystone Health System (Commercial PPO),C.5 Ancillary,Ancillary,Keystone Imaging Center,CPT,89057,"Lab / pathology test, code 89057 (specimen)",FEE_SCHEDULE,Fee schedule,2025,,,,,208.57,214.83
HM-KHS-2025-0417,Highmark - Keystone Health System (Commercial PPO),C.5 Ancillary,Ancillary,Keystone Imaging Center,CPT,89142,"Lab / pathology test, code 89142 (specimen)",FEE_SCHEDULE,Fee schedule,2025,,,,,175.60,180.87
HM-KHS-2025-0417,Highmark - Keystone Health System (Commercial PPO),C.5 Ancillary,Ancillary,Keystone Imaging Center,CPT,89227,"Lab / pathology test, code 89227 (specimen)",FEE_SCHEDULE,Fee schedule,2025,,,,,210.25,216.56
HM-KHS-2025-0417,Highmark - Keystone Health System (Commercial PPO),C.5 Ancillary,Ancillary,Keystone Imaging Center,CPT,89312,"Lab / pathology test, code 89312 (specimen)",FEE_SCHEDULE,Fee schedule,2025,,,,,143.06,147.35
HM-KHS-2025-0417,Highmark - Keystone Health System (Commercial PPO),C.5 Ancillary,Ancillary,Keystone Imaging Center,CPT,89397,"Lab / pathology test, code 89397 (specimen)",FEE_SCHEDULE,Fee schedule,2025,,,,,205.33,211.49
HM-KHS-2025-0417,Highmark - Keystone Health System (Commercial PPO),C.5 Ancillary,Ancillary,Keystone Imaging Center,CPT,89482,"Lab / pathology test, code 89482 (specimen)",FEE_SCHEDULE,Fee schedule,2025,,,,,42.72,44.00
HM-KHS-2025-0417,Highmark - Keystone Health System (Commercial PPO),C.5 Ancillary,Ancillary,Keystone Imaging Center,CPT,89567,"Lab / pathology test, code 89567 (specimen)",FEE_SCHEDULE,Fee schedule,2025,,,,,194.78,200.62
HM-KHS-2025-0417,Highmark - Keystone Health System (Commercial PPO),C.5 Ancillary,Ancillary,Keystone Imaging Center,CPT,89652,"Lab / pathology test, code 89652 (specimen)",FEE_SCHEDULE,Fee schedule,2025,,,,,33.89,34.91
HM-KHS-2025-0417,Highmark - Keystone Health System (Commercial PPO),C.5 Ancillary,Ancillary,Keystone Imaging Center,CPT,89737,"Lab / pathology test, code 89737 (specimen)",FEE_SCHEDULE,Fee schedule,2025,,,,,183.57,189.08
HM-KHS-2025-0417,Highmark - Keystone Health System (Commercial PPO),C.5 Ancillary,Ancillary,Keystone Imaging Center,CPT,89822,"Lab / pathology test, code 89822 (specimen)",FEE_SCHEDULE,Fee schedule,2025,,,,,163.05,167.94
HM-KHS-2025-0417,Highmark - Keystone Health System (Commercial PPO),C.5 Ancillary,Ancillary,Keystone Imaging Center,CPT,89907,"Lab / pathology test, code 89907 (specimen)",FEE_SCHEDULE,Fee schedule,2025,,,,,64.74,66.68
HM-KHS-2025-0417,Highmark - Keystone Health System (Commercial PPO),C.5 Ancillary,Ancillary,Keystone Imaging Center,CPT,89992,"Lab / pathology test, code 89992 (specimen)",FEE_SCHEDULE,Fee schedule,2025,,,,,187.08,192.69
HM-KHS-2025-0417,Highmark - Keystone Health System (Commercial PPO),C.5 Drugs,Ancillary,Keystone General (OP),HCPCS,J0120,"Drug/biological J0120, per unit (specimen)",DRUG_ASP,ASP + 6%,2025,,,,,474.05,488.27
HM-KHS-2025-0417,Highmark - Keystone Health System (Commercial PPO),C.5 Drugs,Ancillary,Keystone General (OP),HCPCS,J0210,"Drug/biological J0210, per unit (specimen)",DRUG_ASP,ASP + 6%,2025,,,,,2.92,3.01
HM-KHS-2025-0417,Highmark - Keystone Health System (Commercial PPO),C.5 Drugs,Ancillary,Keystone General (OP),HCPCS,J0300,"Drug/biological J0300, per unit (specimen)",DRUG_ASP,ASP + 6%,2025,,,,,191.12,196.85
HM-KHS-2025-0417,Highmark - Keystone Health System (Commercial PPO),C.5 Drugs,Ancillary,Keystone General (OP),HCPCS,J0390,"Drug/biological J0390, per unit (specimen)",DRUG_ASP,ASP + 6%,2025,,,,,211.15,217.48
HM-KHS-2025-0417,Highmark - Keystone Health System (Commercial PPO),C.5 Drugs,Ancillary,Keystone General (OP),HCPCS,J0480,"Drug/biological J0480, per unit (specimen)",DRUG_ASP,ASP + 6%,2025,,,,,78.53,80.89
HM-KHS-2025-0417,Highmark - Keystone Health System (Commercial PPO),C.5 Drugs,Ancillary,Keystone General (OP),HCPCS,J0570,"Drug/biological J0570, per unit (specimen)",DRUG_ASP,ASP + 6%,2025,,,,,715.27,736.73
HM-KHS-2025-0417,Highmark - Keystone Health System (Commercial PPO),C.5 Drugs,Ancillary,Keystone General (OP),HCPCS,J0660,"Drug/biological J0660, per unit (specimen)",DRUG_ASP,ASP + 6%,2025,,,,,742.85,765.14
HM-KHS-2025-0417,Highmark - Keystone Health System (Commercial PPO),C.5 Drugs,Ancillary,Keystone General (OP),HCPCS,J0750,"Drug/biological J0750, per unit (specimen)",DRUG_ASP,ASP + 6%,2025,,,,,846.93,872.34
HM-KHS-2025-0417,Highmark - Keystone Health System (Commercial PPO),C.5 Drugs,Ancillary,Keystone General (OP),HCPCS,J0840,"Drug/biological J0840, per unit (specimen)",DRUG_ASP,ASP + 6%,2025,,,,,161.15,165.98
HM-KHS-2025-0417,Highmark - Keystone Health System (Commercial PPO),C.5 Drugs,Ancillary,Keystone General (OP),HCPCS,J0930,"Drug/biological J0930, per unit (specimen)",DRUG_ASP,ASP + 6%,2025,,,,,698.50,719.46
HM-KHS-2025-0417,Highmark - Keystone Health System (Commercial PPO),C.5 Drugs,Ancillary,Keystone General (OP),HCPCS,J1020,"Drug/biological J1020, per unit (specimen)",DRUG_ASP,ASP + 6%,2025,,,,,615.54,634.01
HM-KHS-2025-0417,Highmark - Keystone Health System (Commercial PPO),C.5 Drugs,Ancillary,Keystone General (OP),HCPCS,J1110,"Drug/biological J1110, per unit (specimen)",DRUG_ASP,ASP + 6%,2025,,,,,545.68,562.05
HM-KHS-2025-0417,Highmark - Keystone Health System (Commercial PPO),C.5 Drugs,Ancillary,Keystone General (OP),HCPCS,J1200,"Drug/biological J1200, per unit (specimen)",DRUG_ASP,ASP + 6%,2025,,,,,15.40,15.86
HM-KHS-2025-0417,Highmark - Keystone Health System (Commercial PPO),C.5 Drugs,Ancillary,Keystone General (OP),HCPCS,J1290,"Drug/biological J1290, per unit (specimen)",DRUG_ASP,ASP + 6%,2025,,,,,857.96,883.70
HM-KHS-2025-0417,Highmark - Keystone Health System (Commercial PPO),C.5 Drugs,Ancillary,Keystone General (OP),HCPCS,J1380,"Drug/biological J1380, per unit (specimen)",DRUG_ASP,ASP + 6%,2025,,,,,93.50,96.31
HM-KHS-2025-0417,Highmark - Keystone Health System (Commercial PPO),C.5 Drugs,Ancillary,Keystone General (OP),HCPCS,J1470,"Drug/biological J1470, per unit (specimen)",DRUG_ASP,ASP + 6%,2025,,,,,754.32,776.95
HM-KHS-2025-0417,Highmark - Keystone Health System (Commercial PPO),C.5 Drugs,Ancillary,Keystone General (OP),HCPCS,J1560,"Drug/biological J1560, per unit (specimen)",DRUG_ASP,ASP + 6%,2025,,,,,520.96,536.59
HM-KHS-2025-0417,Highmark - Keystone Health System (Commercial PPO),C.5 Drugs,Ancillary,Keystone General (OP),HCPCS,J1650,"Drug/biological J1650, per unit (specimen)",DRUG_ASP,ASP + 6%,2025,,,,,146.63,151.03
HM-KHS-2025-0417,Highmark - Keystone Health System (Commercial PPO),C.5 Drugs,Ancillary,Keystone General (OP),HCPCS,J1740,"Drug/biological J1740, per unit (specimen)",DRUG_ASP,ASP + 6%,2025,,,,,796.14,820.02
HM-KHS-2025-0417,Highmark - Keystone Health System (Commercial PPO),C.5 Drugs,Ancillary,Keystone General (OP),HCPCS,J1830,"Drug/biological J1830, per unit (specimen)",DRUG_ASP,ASP + 6%,2025,,,,,351.60,362.15
HM-KHS-2025-0417,Highmark - Keystone Health System (Commercial PPO),C.5 Drugs,Ancillary,Keystone General (OP),HCPCS,J1920,"Drug/biological J1920, per unit (specimen)",DRUG_ASP,ASP + 6%,2025,,,,,830.08,854.98
HM-KHS-2025-0417,Highmark - Keystone Health System (Commercial PPO),C.5 Drugs,Ancillary,Keystone General (OP),HCPCS,J2010,"Drug/biological J2010, per unit (specimen)",DRUG_ASP,ASP + 6%,2025,,,,,268.05,276.09
HM-KHS-2025-0417,Highmark - Keystone Health System (Commercial PPO),C.5 Drugs,Ancillary,Keystone General (OP),HCPCS,J2100,"Drug/biological J2100, per unit (specimen)",DRUG_ASP,ASP + 6%,2025,,,,,681.49,701.93
HM-KHS-2025-0417,Highmark - Keystone Health System (Commercial PPO),C.5 Drugs,Ancillary,Keystone General (OP),HCPCS,J2190,"Drug/biological J2190, per unit (specimen)",DRUG_ASP,ASP + 6%,2025,,,,,862.53,888.41
HM-KHS-2025-0417,Highmark - Keystone Health System (Commercial PPO),C.5 Drugs,Ancillary,Keystone General (OP),HCPCS,J2280,"Drug/biological J2280, per unit (specimen)",DRUG_ASP,ASP + 6%,2025,,,,,616.55,635.05
HM-KHS-2025-0417,Highmark - Keystone Health System (Commercial PPO),C.5 Drugs,Ancillary,Keystone General (OP),HCPCS,J2370,"Drug/biological J2370, per unit (specimen)",DRUG_ASP,ASP + 6%,2025,,,,,872.04,898.20
HM-KHS-2025-0417,Highmark - Keystone Health System (Commercial PPO),C.5 Drugs,Ancillary,Keystone General (OP),HCPCS,J2460,"Drug/biological J2460, per unit (specimen)",DRUG_ASP,ASP + 6%,2025,,,,,308.91,318.18
HM-KHS-2025-0417,Highmark - Keystone Health System (Commercial PPO),C.5 Drugs,Ancillary,Keystone General (OP),HCPCS,J2550,"Drug/biological J2550, per unit (specimen)",DRUG_ASP,ASP + 6%,2025,,,,,228.42,235.27
HM-KHS-2025-0417,Highmark - Keystone Health System (Commercial PPO),C.5 Drugs,Ancillary,Keystone General (OP),HCPCS,J2640,"Drug/biological J2640, per unit (specimen)",DRUG_ASP,ASP + 6%,2025,,,,,458.60,472.36
HM-KHS-2025-0417,Highmark - Keystone Health System (Commercial PPO),C.5 Drugs,Ancillary,Keystone General (OP),HCPCS,J2730,"Drug/biological J2730, per unit (specimen)",DRUG_ASP,ASP + 6%,2025,,,,,400.95,412.98
HM-KHS-2025-0417,Highmark - Keystone Health System (Commercial PPO),C.5 Drugs,Ancillary,Keystone General (OP),HCPCS,J2820,"Drug/biological J2820, per unit (specimen)",DRUG_ASP,ASP + 6%,2025,,,,,368.75,379.81
HM-KHS-2025-0417,Highmark - Keystone Health System (Commercial PPO),C.5 Drugs,Ancillary,Keystone General (OP),HCPCS,J2910,"Drug/biological J2910, per unit (specimen)",DRUG_ASP,ASP + 6%,2025,,,,,316.97,326.48
HM-KHS-2025-0417,Highmark - Keystone Health System (Commercial PPO),C.5 Drugs,Ancillary,Keystone General (OP),HCPCS,J3000,"Drug/biological J3000, per unit (specimen)",DRUG_ASP,ASP + 6%,2025,,,,,200.88,206.91
HM-KHS-2025-0417,Highmark - Keystone Health System (Commercial PPO),C.5 Drugs,Ancillary,Keystone General (OP),HCPCS,J3090,"Drug/biological J3090, per unit (specimen)",DRUG_ASP,ASP + 6%,2025,,,,,743.86,766.18
HM-KHS-2025-0417,Highmark - Keystone Health System (Commercial PPO),C.5 Drugs,Ancillary,Keystone General (OP),HCPCS,J3180,"Drug/biological J3180, per unit (specimen)",DRUG_ASP,ASP + 6%,2025,,,,,146.31,150.70
HM-KHS-2025-0417,Highmark - Keystone Health System (Commercial PPO),C.5 Drugs,Ancillary,Keystone General (OP),HCPCS,J3270,"Drug/biological J3270, per unit (specimen)",DRUG_ASP,ASP + 6%,2025,,,,,227.50,234.33
HM-KHS-2025-0417,Highmark - Keystone Health System (Commercial PPO),C.5 Drugs,Ancillary,Keystone General (OP),HCPCS,J3360,"Drug/biological J3360, per unit (specimen)",DRUG_ASP,ASP + 6%,2025,,,,,524.66,540.40
HM-KHS-2025-0417,Highmark - Keystone Health System (Commercial PPO),C.5 Drugs,Ancillary,Keystone General (OP),HCPCS,J3450,"Drug/biological J3450, per unit (specimen)",DRUG_ASP,ASP + 6%,2025,,,,,367.88,378.92
HM-KHS-2025-0417,Highmark - Keystone Health System (Commercial PPO),C.5 Drugs,Ancillary,Keystone General (OP),HCPCS,J3540,"Drug/biological J3540, per unit (specimen)",DRUG_ASP,ASP + 6%,2025,,,,,941.80,970.05
HM-KHS-2025-0417,Highmark - Keystone Health System (Commercial PPO),C.2 Inpatient,Inpatient,Keystone General Hospital,MS-DRG,001,MS-DRG 001 inpatient case (specimen),DRG,"Base $12,000 x weight",2025,,,,weight=5.1295,61554.00,63400.62
HM-KHS-2025-0417,Highmark - Keystone Health System (Commercial PPO),C.2 Inpatient,Inpatient,Keystone General Hospital,MS-DRG,010,MS-DRG 010 inpatient case (specimen),DRG,"Base $12,000 x weight",2025,,,,weight=3.6684,44020.80,45341.42
HM-KHS-2025-0417,Highmark - Keystone Health System (Commercial PPO),C.2 Inpatient,Inpatient,Keystone General Hospital,MS-DRG,019,MS-DRG 019 inpatient case (specimen),DRG,"Base $12,000 x weight",2025,,,,weight=1.1602,13922.40,14340.07
HM-KHS-2025-0417,Highmark - Keystone Health System (Commercial PPO),C.2 Inpatient,Inpatient,Keystone General Hospital,MS-DRG,028,MS-DRG 028 inpatient case (specimen),DRG,"Base $12,000 x weight",2025,,,,weight=2.4466,29359.20,30239.98
HM-KHS-2025-0417,Highmark - Keystone Health System (Commercial PPO),C.2 Inpatient,Inpatient,Keystone General Hospital,MS-DRG,037,MS-DRG 037 inpatient case (specimen),DRG,"Base $12,000 x weight",2025,,,,weight=5.3682,64418.40,66350.95
HM-KHS-2025-0417,Highmark - Keystone Health System (Commercial PPO),C.2 Inpatient,Inpatient,Keystone General Hospital,MS-DRG,046,MS-DRG 046 inpatient case (specimen),DRG,"Base $12,000 x weight",2025,,,,weight=5.2059,62470.80,64344.92
HM-KHS-2025-0417,Highmark - Keystone Health System (Commercial PPO),C.2 Inpatient,Inpatient,Keystone General Hospital,MS-DRG,055,MS-DRG 055 inpatient case (specimen),DRG,"Base $12,000 x weight",2025,,,,weight=1.3564,16276.80,16765.10
HM-KHS-2025-0417,Highmark - Keystone Health System (Commercial PPO),C.2 Inpatient,Inpatient,Keystone General Hospital,MS-DRG,064,MS-DRG 064 inpatient case (specimen),DRG,"Base $12,000 x weight",2025,,,,weight=1.1928,14313.60,14743.01
HM-KHS-2025-0417,Highmark - Keystone Health System (Commercial PPO),C.2 Inpatient,Inpatient,Keystone General Hospital,MS-DRG,073,MS-DRG 073 inpatient case (specimen),DRG,"Base $12,000 x weight",2025,,,,weight=3.7062,44474.40,45808.63
HM-KHS-2025-0417,Highmark - Keystone Health System (Commercial PPO),C.2 Inpatient,Inpatient,Keystone General Hospital,MS-DRG,082,MS-DRG 082 inpatient case (specimen),DRG,"Base $12,000 x weight",2025,,,,weight=0.6483,7779.60,8012.99
HM-KHS-2025-0417,Highmark - Keystone Health System (Commercial PPO),C.2 Inpatient,Inpatient,Keystone General Hospital,MS-DRG,091,MS-DRG 091 inpatient case (specimen),DRG,"Base $12,000 x weight",2025,,,,weight=1.828,21936.00,22594.08
HM-KHS-2025-0417,Highmark - Keystone Health System (Commercial PPO),C.2 Inpatient,Inpatient,Keystone General Hospital,MS-DRG,100,MS-DRG 100 inpatient case (specimen),DRG,"Base $12,000 x weight",2025,,,,weight=2.4034,28840.80,29706.02
HM-KHS-2025-0417,Highmark - Keystone Health System (Commercial PPO),C.2 Inpatient,Inpatient,Keystone General Hospital,MS-DRG,109,MS-DRG 109 inpatient case (specimen),DRG,"Base $12,000 x weight",2025,,,,weight=4.2558,51069.60,52601.69
HM-KHS-2025-0417,Highmark - Keystone Health System (Commercial PPO),C.2 Inpatient,Inpatient,Keystone General Hospital,MS-DRG,118,MS-DRG 118 inpatient case (specimen),DRG,"Base $12,000 x weight",2025,,,,weight=5.4926,65911.20,67888.54
HM-KHS-2025-0417,Highmark - Keystone Health System (Commercial PPO),C.2 Inpatient,Inpatient,Keystone General Hospital,MS-DRG,127,MS-DRG 127 inpatient case (specimen),DRG,"Base $12,000 x weight",2025,,,,weight=3.0236,36283.20,37371.70
HM-KHS-2025-0417,Highmark - Keystone Health System (Commercial PPO),C.2 Inpatient,Inpatient,Keystone General Hospital,MS-DRG,136,MS-DRG 136 inpatient case (specimen),DRG,"Base $12,000 x weight",2025,,,,weight=1.2873,15447.60,15911.03
HM-KHS-2025-0417,Highmark - Keystone Health System (Commercial PPO),C.2 Inpatient,Inpatient,Keystone General Hospital,MS-DRG,145,MS-DRG 145 inpatient case (specimen),DRG,"Base $12,000 x weight",2025,,,,weight=5.5843,67011.60,69021.95
HM-KHS-2025-0417,Highmark - Keystone Health System (Commercial PPO),C.2 Inpatient,Inpatient,Keystone General Hospital,MS-DRG,154,MS-DRG 154 inpatient case (specimen),DRG,"Base $12,000 x weight",2025,,,,weight=1.7197,20636.40,21255.49
HM-KHS-2025-0417,Highmark - Keystone Health System (Commercial PPO),C.2 Inpatient,Inpatient,Keystone General Hospital,MS-DRG,163,MS-DRG 163 inpatient case (specimen),DRG,"Base $12,000 x weight",2025,,,,weight=5.9198,71037.60,73168.73
HM-KHS-2025-0417,Highmark - Keystone Health System (Commercial PPO),C.2 Inpatient,Inpatient,Keystone General Hospital,MS-DRG,172,MS-DRG 172 inpatient case (specimen),DRG,"Base $12,000 x weight",2025,,,,weight=4.2446,50935.20,52463.26
HM-KHS-2025-0417,Highmark - Keystone Health System (Commercial PPO),C.2 Inpatient,Inpatient,Keystone General Hospital,MS-DRG,181,MS-DRG 181 inpatient case (specimen),DRG,"Base $12,000 x weight",2025,,,,weight=4.4309,53170.80,54765.92
HM-KHS-2025-0417,Highmark - Keystone Health System (Commercial PPO),C.2 Inpatient,Inpatient,Keystone General Hospital,MS-DRG,190,MS-DRG 190 inpatient case (specimen),DRG,"Base $12,000 x weight",2025,,,,weight=0.7898,9477.60,9761.93
HM-KHS-2025-0417,Highmark - Keystone Health System (Commercial PPO),C.2 Inpatient,Inpatient,Keystone General Hospital,MS-DRG,199,MS-DRG 199 inpatient case (specimen),DRG,"Base $12,000 x weight",2025,,,,weight=6.3956,76747.20,79049.62
HM-KHS-2025-0417,Highmark - Keystone Health System (Commercial PPO),C.2 Inpatient,Inpatient,Keystone General Hospital,MS-DRG,208,MS-DRG 208 inpatient case (specimen),DRG,"Base $12,000 x weight",2025,,,,weight=4.6067,55280.40,56938.81
HM-KHS-2025-0417,Highmark - Keystone Health System (Commercial PPO),C.2 Inpatient,Inpatient,Keystone General Hospital,MS-DRG,217,MS-DRG 217 inpatient case (specimen),DRG,"Base $12,000 x weight",2025,,,,weight=1.9723,23667.60,24377.63
HM-KHS-2025-0417,Highmark - Keystone Health System (Commercial PPO),C.2 Inpatient,Inpatient,Keystone General Hospital,MS-DRG,226,MS-DRG 226 inpatient case (specimen),DRG,"Base $12,000 x weight",2025,,,,weight=1.7706,21247.20,21884.62
HM-KHS-2025-0417,Highmark - Keystone Health System (Commercial PPO),C.2 Inpatient,Inpatient,Keystone General Hospital,MS-DRG,235,MS-DRG 235 inpatient case (specimen),DRG,"Base $12,000 x weight",2025,,,,weight=4.321,51852.00,53407.56
HM-KHS-2025-0417,Highmark - Keystone Health System (Commercial PPO),C.2 Inpatient,Inpatient,Keystone General Hospital,MS-DRG,244,MS-DRG 244 inpatient case (specimen),DRG,"Base $12,000 x weight",2025,,,,weight=5.9718,71661.60,73811.45
HM-KHS-2025-0417,Highmark - Keystone Health System (Commercial PPO),C.2 Inpatient,Inpatient,Keystone General Hospital,MS-DRG,253,MS-DRG 253 inpatient case (specimen),DRG,"Base $12,000 x weight",2025,,,,weight=4.2674,51208.80,52745.06
HM-KHS-2025-0417,Highmark - Keystone Health System (Commercial PPO),C.2 Inpatient,Inpatient,Keystone General Hospital,MS-DRG,262,MS-DRG 262 inpatient case (specimen),DRG,"Base $12,000 x weight",2025,,,,weight=2.2385,26862.00,27667.86
HM-KHS-2025-0417,Highmark - Keystone Health System (Commercial PPO),C.2 Inpatient,Inpatient,Keystone General Hospital,MS-DRG,271,MS-DRG 271 inpatient case (specimen),DRG,"Base $12,000 x weight",2025,,,,weight=2.8106,33727.20,34739.02
HM-KHS-2025-0417,Highmark - Keystone Health System (Commercial PPO),C.2 Inpatient,Inpatient,Keystone General Hospital,MS-DRG,280,MS-DRG 280 inpatient case (specimen),DRG,"Base $12,000 x weight",2025,,,,weight=2.5401,30481.20,31395.64
HM-KHS-2025-0417,Highmark - Keystone Health System (Commercial PPO),C.2 Inpatient,Inpatient,Keystone General Hospital,MS-DRG,289,MS-DRG 289 inpatient case (specimen),DRG,"Base $12,000 x weight",2025,,,,weight=5.7983,69579.60,71666.99
HM-KHS-2025-0417,Highmark - Keystone Health System (Commercial PPO),C.2 Inpatient,Inpatient,Keystone General Hospital,MS-DRG,298,MS-DRG 298 inpatient case (specimen),DRG,"Base $12,000 x weight",2025,,,,weight=1.2973,15567.60,16034.63
HM-KHS-2025-0417,Highmark - Keystone Health System (Commercial PPO),C.2 Inpatient,Inpatient,Keystone General Hospital,MS-DRG,307,MS-DRG 307 inpatient case (specimen),DRG,"Base $12,000 x weight",2025,,,,weight=5.3549,64258.80,66186.56
HM-KHS-2025-0417,Highmark - Keystone Health System (Commercial PPO),C.2 Inpatient,Inpatient,Keystone General Hospital,MS-DRG,316,MS-DRG 316 inpatient case (specimen),DRG,"Base $12,000 x weight",2025,,,,weight=2.6086,31303.20,32242.30
HM-KHS-2025-0417,Highmark - Keystone Health System (Commercial PPO),C.2 Inpatient,Inpatient,Keystone General Hospital,MS-DRG,325,MS-DRG 325 inpatient case (specimen),DRG,"Base $12,000 x weight",2025,,,,weight=3.3069,39682.80,40873.28
HM-KHS-2025-0417,Highmark - Keystone Health System (Commercial PPO),C.2 Inpatient,Inpatient,Keystone General Hospital,MS-DRG,334,MS-DRG 334 inpatient case (specimen),DRG,"Base $12,000 x weight",2025,,,,weight=5.0591,60709.20,62530.48
HM-KHS-2025-0417,Highmark - Keystone Health System (Commercial PPO),C.2 Inpatient,Inpatient,Keystone General Hospital,MS-DRG,343,MS-DRG 343 inpatient case (specimen),DRG,"Base $12,000 x weight",2025,,,,weight=3.4149,40978.80,42208.16
HM-KHS-2025-0417,Highmark - Keystone Health System (Commercial PPO),C.2 Inpatient,Inpatient,Keystone General Hospital,MS-DRG,352,MS-DRG 352 inpatient case (specimen),DRG,"Base $12,000 x weight",2025,,,,weight=4.149,49788.00,51281.64
HM-KHS-2025-0417,Highmark - Keystone Health System (Commercial PPO),C.2 Inpatient,Inpatient,Keystone General Hospital,MS-DRG,361,MS-DRG 361 inpatient case (specimen),DRG,"Base $12,000 x weight",2025,,,,weight=4.3277,51932.40,53490.37
HM-KHS-2025-0417,Highmark - Keystone Health System (Commercial PPO),C.2 Inpatient,Inpatient,Keystone General Hospital,MS-DRG,370,MS-DRG 370 inpatient case (specimen),DRG,"Base $12,000 x weight",2025,,,,weight=2.2632,27158.40,27973.15
HM-KHS-2025-0417,Highmark - Keystone Health System (Commercial PPO),C.2 Inpatient,Inpatient,Keystone General Hospital,MS-DRG,379,MS-DRG 379 inpatient case (specimen),DRG,"Base $12,000 x weight",2025,,,,weight=5.8352,70022.40,72123.07
HM-KHS-2025-0417,Highmark - Keystone Health System (Commercial PPO),C.2 Inpatient,Inpatient,Keystone General Hospital,MS-DRG,388,MS-DRG 388 inpatient case (specimen),DRG,"Base $12,000 x weight",2025,,,,weight=1.3243,15891.60,16368.35
HM-KHS-2025-0417,Highmark - Keystone Health System (Commercial PPO),C.2 Inpatient,Inpatient,Keystone General Hospital,MS-DRG,397,MS-DRG 397 inpatient case (specimen),DRG,"Base $12,000 x weight",2025,,,,weight=6.2637,75164.40,77419.33
HM-KHS-2025-0417,Highmark - Keystone Health System (Commercial PPO),C.2 Inpatient,Inpatient,Keystone General Hospital,MS-DRG,406,MS-DRG 406 inpatient case (specimen),DRG,"Base $12,000 x weight",2025,,,,weight=1.9911,23893.20,24610.00
HM-KHS-2025-0417,Highmark - Keystone Health System (Commercial PPO),C.2 Inpatient,Inpatient,Keystone General Hospital,MS-DRG,415,MS-DRG 415 inpatient case (specimen),DRG,"Base $12,000 x weight",2025,,,,weight=1.8909,22690.80,23371.52
HM-KHS-2025-0417,Highmark - Keystone Health System (Commercial PPO),C.2 Inpatient,Inpatient,Keystone General Hospital,MS-DRG,424,MS-DRG 424 inpatient case (specimen),DRG,"Base $12,000 x weight",2025,,,,weight=2.2617,27140.40,27954.61
HM-KHS-2025-0417,Highmark - Keystone Health System (Commercial PPO),C.2 Inpatient,Inpatient,Keystone General Hospital,MS-DRG,433,MS-DRG 433 inpatient case (specimen),DRG,"Base $12,000 x weight",2025,,,,weight=1.4773,17727.60,18259.43
HM-KHS-2025-0417,Highmark - Keystone Health System (Commercial PPO),C.2 Inpatient,Inpatient,Keystone General Hospital,MS-DRG,442,MS-DRG 442 inpatient case (specimen),DRG,"Base $12,000 x weight",2025,,,,weight=4.392,52704.00,54285.12
HM-KHS-2025-0417,Highmark - Keystone Health System (Commercial PPO),C.2 Inpatient,Inpatient,Keystone General Hospital,MS-DRG,451,MS-DRG 451 inpatient case (specimen),DRG,"Base $12,000 x weight",2025,,,,weight=5.9399,71278.80,73417.16
HM-KHS-2025-0417,Highmark - Keystone Health System (Commercial PPO),C.2 Inpatient,Inpatient,Keystone General Hospital,MS-DRG,460,MS-DRG 460 inpatient case (specimen),DRG,"Base $12,000 x weight",2025,,,,weight=4.8802,58562.40,60319.27
HM-KHS-2025-0417,Highmark - Keystone Health System (Commercial PPO),C.2 Inpatient,Inpatient,Keystone General Hospital,MS-DRG,469,MS-DRG 469 inpatient case (specimen),DRG,"Base $12,000 x weight",2025,,,,weight=6.2212,74654.40,76894.03
HM-KHS-2025-0417,Highmark - Keystone Health System (Commercial PPO),C.2 Inpatient,Inpatient,Keystone General Hospital,MS-DRG,478,MS-DRG 478 inpatient case (specimen),DRG,"Base $12,000 x weight",2025,,,,weight=4.5034,54040.80,55662.02
HM-KHS-2025-0417,Highmark - Keystone Health System (Commercial PPO),C.2 Inpatient,Inpatient,Keystone General Hospital,MS-DRG,487,MS-DRG 487 inpatient case (specimen),DRG,"Base $12,000 x weight",2025,,,,weight=1.1477,13772.40,14185.57
HM-KHS-2025-0417,Highmark - Keystone Health System (Commercial PPO),C.2 Inpatient,Inpatient,Keystone General Hospital,MS-DRG,496,MS-DRG 496 inpatient case (specimen),DRG,"Base $12,000 x weight",2025,,,,weight=4.6304,55564.80,57231.74
HM-KHS-2025-0417,Highmark - Keystone Health System (Commercial PPO),C.2 Inpatient,Inpatient,Keystone General Hospital,MS-DRG,505,MS-DRG 505 inpatient case (specimen),DRG,"Base $12,000 x weight",2025,,,,weight=3.2115,38538.00,39694.14
HM-KHS-2025-0417,Highmark - Keystone Health System (Commercial PPO),C.2 Inpatient,Inpatient,Keystone General Hospital,MS-DRG,514,MS-DRG 514 inpatient case (specimen),DRG,"Base $12,000 x weight",2025,,,,weight=1.9063,22875.60,23561.87
HM-KHS-2025-0417,Highmark - Keystone Health System (Commercial PPO),C.2 Inpatient,Inpatient,Keystone General Hospital,MS-DRG,523,MS-DRG 523 inpatient case (specimen),DRG,"Base $12,000 x weight",2025,,,,weight=3.5363,42435.60,43708.67
HM-KHS-2025-0417,Highmark - Keystone Health System (Commercial PPO),C.2 Inpatient,Inpatient,Keystone General Hospital,MS-DRG,532,MS-DRG 532 inpatient case (specimen),DRG,"Base $12,000 x weight",2025,,,,weight=1.8766,22519.20,23194.78
HM-KHS-2025-0417,Highmark - Keystone Health System (Commercial PPO),C.2 Inpatient,Inpatient,Keystone General Hospital,MS-DRG,541,MS-DRG 541 inpatient case (specimen),DRG,"Base $12,000 x weight",2025,,,,weight=2.3436,28123.20,28966.90
HM-KHS-2025-0417,Highmark - Keystone Health System (Commercial PPO),C.2 Inpatient,Inpatient,Keystone General Hospital,MS-DRG,550,MS-DRG 550 inpatient case (specimen),DRG,"Base $12,000 x weight",2025,,,,weight=0.5883,7059.60,7271.39
HM-KHS-2025-0417,Highmark - Keystone Health System (Commercial PPO),C.2 Inpatient,Inpatient,Keystone General Hospital,MS-DRG,559,MS-DRG 559 inpatient case (specimen),DRG,"Base $12,000 x weight",2025,,,,weight=1.6947,20336.40,20946.49
HM-KHS-2025-0417,Highmark - Keystone Health System (Commercial PPO),C.2 Inpatient,Inpatient,Keystone General Hospital,MS-DRG,568,MS-DRG 568 inpatient case (specimen),DRG,"Base $12,000 x weight",2025,,,,weight=5.3262,63914.40,65831.83
HM-KHS-2025-0417,Highmark - Keystone Health System (Commercial PPO),C.2 Inpatient,Inpatient,Keystone General Hospital,MS-DRG,577,MS-DRG 577 inpatient case (specimen),DRG,"Base $12,000 x weight",2025,,,,weight=5.2206,62647.20,64526.62
HM-KHS-2025-0417,Highmark - Keystone Health System (Commercial PPO),C.2 Inpatient,Inpatient,Keystone General Hospital,MS-DRG,586,MS-DRG 586 inpatient case (specimen),DRG,"Base $12,000 x weight",2025,,,,weight=1.7864,21436.80,22079.90
HM-KHS-2025-0417,Highmark - Keystone Health System (Commercial PPO),C.2 Inpatient,Inpatient,Keystone General Hospital,MS-DRG,595,MS-DRG 595 inpatient case (specimen),DRG,"Base $12,000 x weight",2025,,,,weight=4.6743,56091.60,57774.35
HM-KHS-2025-0417,Highmark - Keystone Health System (Commercial PPO),C.2 Inpatient,Inpatient,Keystone General Hospital,MS-DRG,604,MS-DRG 604 inpatient case (specimen),DRG,"Base $12,000 x weight",2025,,,,weight=3.2695,39234.00,40411.02
HM-KHS-2025-0417,Highmark - Keystone Health System (Commercial PPO),C.2 Inpatient,Inpatient,Keystone General Hospital,MS-DRG,613,MS-DRG 613 inpatient case (specimen),DRG,"Base $12,000 x weight",2025,,,,weight=1.5633,18759.60,19322.39
HM-KHS-2025-0417,Highmark - Keystone Health System (Commercial PPO),C.2 Inpatient,Inpatient,Keystone General Hospital,MS-DRG,622,MS-DRG 622 inpatient case (specimen),DRG,"Base $12,000 x weight",2025,,,,weight=1.2682,15218.40,15674.95
HM-KHS-2025-0417,Highmark - Keystone Health System (Commercial PPO),C.2 Inpatient,Inpatient,Keystone General Hospital,MS-DRG,631,MS-DRG 631 inpatient case (specimen),DRG,"Base $12,000 x weight",2025,,,,weight=3.2355,38826.00,39990.78
HM-KHS-2025-0417,Highmark - Keystone Health System (Commercial PPO),C.2 Inpatient,Inpatient,Keystone General Hospital,MS-DRG,640,MS-DRG 640 inpatient case (specimen),DRG,"Base $12,000 x weight",2025,,,,weight=4.9086,58903.20,60670.30
HM-KHS-2025-0417,Highmark - Keystone Health System (Commercial PPO),C.2 Inpatient,Inpatient,Keystone General Hospital,MS-DRG,649,MS-DRG 649 inpatient case (specimen),DRG,"Base $12,000 x weight",2025,,,,weight=4.657,55884.00,57560.52
HM-KHS-2025-0417,Highmark - Keystone Health System (Commercial PPO),C.2 Inpatient,Inpatient,Keystone General Hospital,MS-DRG,658,MS-DRG 658 inpatient case (specimen),DRG,"Base $12,000 x weight",2025,,,,weight=3.4939,41926.80,43184.60
HM-KHS-2025-0417,Highmark - Keystone Health System (Commercial PPO),C.2 Inpatient,Inpatient,Keystone General Hospital,MS-DRG,667,MS-DRG 667 inpatient case (specimen),DRG,"Base $12,000 x weight",2025,,,,weight=3.6816,44179.20,45504.58
HM-KHS-2025-0417,Highmark - Keystone Health System (Commercial PPO),C.2 Inpatient,Inpatient,Keystone General Hospital,MS-DRG,676,MS-DRG 676 inpatient case (specimen),DRG,"Base $12,000 x weight",2025,,,,weight=3.705,44460.00,45793.80
HM-KHS-2025-0417,Highmark - Keystone Health System (Commercial PPO),C.2 Inpatient,Inpatient,Keystone General Hospital,MS-DRG,685,MS-DRG 685 inpatient case (specimen),DRG,"Base $12,000 x weight",2025,,,,weight=5.97,71640.00,73789.20
HM-KHS-2025-0417,Highmark - Keystone Health System (Commercial PPO),C.2 Inpatient,Inpatient,Keystone General Hospital,MS-DRG,694,MS-DRG 694 inpatient case (specimen),DRG,"Base $12,000 x weight",2025,,,,weight=3.3465,40158.00,41362.74
HM-KHS-2025-0417,Highmark - Keystone Health System (Commercial PPO),C.2 Inpatient,Inpatient,Keystone General Hospital,MS-DRG,703,MS-DRG 703 inpatient case (specimen),DRG,"Base $12,000 x weight",2025,,,,weight=3.4929,41914.80,43172.24
HM-KHS-2025-0417,Highmark - Keystone Health System (Commercial PPO),C.2 Inpatient,Inpatient,Keystone General Hospital,MS-DRG,712,MS-DRG 712 inpatient case (specimen),DRG,"Base $12,000 x weight",2025,,,,weight=1.7734,21280.80,21919.22
HM-KHS-2025-0417,Highmark - Keystone Health System (Commercial PPO),C.2 Inpatient,Inpatient,Keystone General Hospital,MS-DRG,721,MS-DRG 721 inpatient case (specimen),DRG,"Base $12,000 x weight",2025,,,,weight=3.0883,37059.60,38171.39
HM-KHS-2025-0417,Highmark - Keystone Health System (Commercial PPO),C.2 Inpatient,Inpatient,Keystone General Hospital,MS-DRG,730,MS-DRG 730 inpatient case (specimen),DRG,"Base $12,000 x weight",2025,,,,weight=5.1691,62029.20,63890.08
HM-KHS-2025-0417,Highmark - Keystone Health System (Commercial PPO),C.2 Inpatient,Inpatient,Keystone General Hospital,MS-DRG,739,MS-DRG 739 inpatient case (specimen),DRG,"Base $12,000 x weight",2025,,,,weight=4.9393,59271.60,61049.75
HM-KHS-2025-0417,Highmark - Keystone Health System (Commercial PPO),C.2 Inpatient,Inpatient,Keystone General Hospital,MS-DRG,748,MS-DRG 748 inpatient case (specimen),DRG,"Base $12,000 x weight",2025,,,,weight=1.9113,22935.60,23623.67
HM-KHS-2025-0417,Highmark - Keystone Health System (Commercial PPO),C.2 Inpatient,Inpatient,Keystone General Hospital,MS-DRG,757,MS-DRG 757 inpatient case (specimen),DRG,"Base $12,000 x weight",2025,,,,weight=4.0875,49050.00,50521.50
HM-KHS-2025-0417,Highmark - Keystone Health System (Commercial PPO),C.2 Inpatient,Inpatient,Keystone General Hospital,MS-DRG,766,MS-DRG 766 inpatient case (specimen),DRG,"Base $12,000 x weight",2025,,,,weight=5.8046,69655.20,71744.86
HM-KHS-2025-0417,Highmark - Keystone Health System (Commercial PPO),C.2 Inpatient,Inpatient,Keystone General Hospital,MS-DRG,775,MS-DRG 775 inpatient case (specimen),DRG,"Base $12,000 x weight",2025,,,,weight=3.194,38328.00,39477.84
HM-KHS-2025-0417,Highmark - Keystone Health System (Commercial PPO),C.2 Inpatient,Inpatient,Keystone General Hospital,MS-DRG,784,MS-DRG 784 inpatient case (specimen),DRG,"Base $12,000 x weight",2025,,,,weight=0.5715,6858.00,7063.74
HM-KHS-2025-0417,Highmark - Keystone Health System (Commercial PPO),C.2 Inpatient,Inpatient,Keystone General Hospital,MS-DRG,793,MS-DRG 793 inpatient case (specimen),DRG,"Base $12,000 x weight",2025,,,,weight=2.2375,26850.00,27655.50
HM-KHS-2025-0417,Highmark - Keystone Health System (Commercial PPO),C.4 Behavioral/SNF,Facility per-diem,Keystone Behavioral Health,REV,0100,"Room & board, general",PER_DIEM,Per day,2025,,,,per day,1050.00,1081.50
HM-KHS-2025-0417,Highmark - Keystone Health System (Commercial PPO),C.4 Behavioral/SNF,Facility per-diem,Keystone Behavioral Health,REV,0110,R&B private,PER_DIEM,Per day,2025,,,,per day,1250.00,1287.50
HM-KHS-2025-0417,Highmark - Keystone Health System (Commercial PPO),C.4 Behavioral/SNF,Facility per-diem,Keystone Behavioral Health,REV,0124,Psych inpatient acute,PER_DIEM,Per day,2025,,,,per day,850.00,875.50
HM-KHS-2025-0417,Highmark - Keystone Health System (Commercial PPO),C.4 Behavioral/SNF,Facility per-diem,Keystone Behavioral Health,REV,0126,Psych inpatient intensive,PER_DIEM,Per day,2025,,,,per day,1150.00,1184.50
HM-KHS-2025-0417,Highmark - Keystone Health System (Commercial PPO),C.4 Behavioral/SNF,Facility per-diem,Keystone Behavioral Health,REV,0128,Rehab inpatient,PER_DIEM,Per day,2025,,,,per day,1450.00,1493.50
HM-KHS-2025-0417,Highmark - Keystone Health System (Commercial PPO),C.4 Behavioral/SNF,Facility per-diem,Keystone Behavioral Health,REV,0190,Subacute/SNF,PER_DIEM,Per day,2025,,,,per day,620.00,638.60
HM-KHS-2025-0417,Highmark - Keystone Health System (Commercial PPO),C.4 Behavioral/SNF,Facility per-diem,Keystone Behavioral Health,REV,0912,Partial hospitalization (PHP),PER_DIEM,Per day,2025,,,,per day,425.00,437.75
HM-KHS-2025-0417,Highmark - Keystone Health System (Commercial PPO),C.4 Behavioral/SNF,Facility per-diem,Keystone Behavioral Health,REV,0200,ICU,PER_DIEM,Per day,2025,,,,per day,3200.00,3296.00
HM-KHS-2025-0417,Highmark - Keystone Health System (Commercial PPO),C.4 Behavioral/SNF,Facility per-diem,Keystone Behavioral Health,REV,0201,Surgical ICU,PER_DIEM,Per day,2025,,,,per day,3400.00,3502.00
HM-KHS-2025-0417,Highmark - Keystone Health System (Commercial PPO),C.4 Behavioral/SNF,Facility per-diem,Keystone Behavioral Health,REV,0206,Intermediate ICU,PER_DIEM,Per day,2025,,,,per day,2100.00,2163.00
